lastname,firstname,fullname,party,year_first_elected,prior_years_in_office,birthyear,gender,race,religion,LGBT,Agriculture,Appropriations,Armed_Services,Budget,Education_Labor,Energy_Commerce,Ethics,Financial_Services,Foreign_Affairs,Homeland_Security,Judiciary,Administration,Natural_Resources,Oversight_Reform,Rules,Science,Small_Business,Transport,Veterans,Ways_Means
Adams,Alma,,Democratic,2014,6,1946,Woman,Black,Christian - Protestant - Baptist,No,1,0,0,0,1,0,0,1,0,0,0,0,0,0,0,0,0,0,0,0
Aderholt,Robert,Robert B. Aderholt,Republican,1996,24,1965,Man,White,Christian - Protestant - Congregationalist,No,0,1,0,0,0,0,0,0,0,0,0,0,0,0,0,0,0,0,0,0
Aguilar,Pete,,Democratic,2014,6,1979,Man,Hispanic - Mexican,Christian - Roman Catholic,No,0,1,0,0,0,0,0,0,0,0,0,0,0,0,0,0,0,0,0,0
Allen,Rick,Richard W. Allen,Republican,2014,6,1951,Man,White,Christian - Protestant - Methodist,No,1,0,0,0,1,0,0,0,0,0,0,0,0,0,0,0,0,0,0,0
Allred,Colin,,Democratic,2018,2,1983,Man,Black,Christian - Protestant - Methodist,No,0,0,0,0,0,0,0,0,1,0,0,0,0,0,0,0,0,1,1,0
Amodei,Mark,,Republican,2011,9,1958,Man,White,Christian - Protestant,No,0,1,0,0,0,0,0,0,0,0,0,0,0,0,0,0,0,0,0,0
Armstrong,Kelly,,Republican,2018,2,1976,Man,White,Christian - Protestant - Lutheran,No,0,0,0,0,0,1,1,0,0,0,0,0,0,0,0,0,0,0,0,0
Arrington,Jodey,,Republican,2016,4,1972,Man,White,Christian - Protestant - Presbyterian,No,0,0,0,0,0,0,0,0,0,0,0,0,0,0,0,0,0,0,0,1
Auchincloss,Jake,,Democratic,2020,0,1988,Man,White,Jewish,No,0,0,0,0,0,0,0,1,0,0,0,0,0,0,0,0,0,1,0,0
Axne,Cindy,Cynthia Axne,Democratic,2018,2,1965,Woman,White,Christian - Roman Catholic,No,1,0,0,0,0,0,0,1,0,0,0,0,0,0,0,0,0,0,0,0
Babin,Brian,,Republican,2014,6,1948,Man,White,Christian - Protestant - Baptist,No,0,0,0,0,0,0,0,0,0,0,0,0,0,0,0,1,0,1,0,0
Bacon,Don,,Republican,2016,4,1963,Man,White,Christian - Protestant,No,1,0,1,0,0,0,0,0,0,0,0,0,0,0,0,0,0,0,0,0
Baird,Jim,,Republican,2018,2,1945,Man,White,Christian - Protestant,No,1,0,0,0,0,0,0,0,0,0,0,0,0,0,0,1,0,0,0,0
Balderson,Troy,,Republican,2018,2,1962,Man,White,Christian - Protestant,No,1,0,0,0,0,0,0,0,0,0,0,0,0,0,0,0,0,1,0,0
Banks,Jim,Jim Banks,Republican,2016,4,1979,Man,White,Christian - Protestant,No,0,0,1,0,1,0,0,0,0,0,0,0,0,0,0,0,0,0,1,0
Barr,Andy,,Republican,2012,8,1973,Man,White,Christian - Protestant - Episcopalian,No,0,0,0,0,0,0,0,1,1,0,0,0,0,0,0,0,0,0,0,0
Barragán,Nanette,,Democratic,2016,4,1976,Woman,Hispanic - Mexican,Christian - Roman Catholic,No,0,0,0,0,0,1,0,0,0,1,0,0,0,0,0,0,0,0,0,0
Bass,Karen,,Democratic,2010,10,1953,Woman,Black,Christian - Protestant,No,0,0,0,0,0,0,0,0,1,0,1,0,0,0,0,0,0,0,0,0
Beatty,Joyce,,Democratic,2012,8,1950,Woman,Black,Christian - Protestant - Baptist,No,0,0,0,0,0,0,0,1,0,0,0,0,0,0,0,0,0,0,0,0
Bentz,Cliff,Cliff Bentz,Republican,2020,0,1952,Man,White,Christian - Roman Catholic,No,0,0,0,0,0,0,0,0,0,0,1,0,1,0,0,0,0,0,0,0
Bera,Ami,,Democratic,2012,8,1965,Man,Asian - Indian,Unitarian Universalist,No,0,0,0,0,0,0,0,0,1,0,0,0,0,0,0,1,0,0,0,0
Bergman,Jack,,Republican,2016,4,1947,Man,White,Christian - Protestant - Lutheran,No,0,0,1,0,0,0,0,0,0,0,0,0,0,0,0,0,0,0,1,0
Beyer,Don,"Donald S. Beyer, Jr.",Democratic,2014,6,1950,Man,White,Christian - Protestant - Episcopalian,No,0,0,0,0,0,0,0,0,0,0,0,0,0,0,0,1,0,0,0,1
Bice,Stephanie,Stephanie Bice,Republican,2020,0,1973,Woman,Multiple: White/Middle Eastern - Iranian,Christian - Roman Catholic,No,0,0,1,0,0,0,0,0,0,0,0,0,0,0,0,1,0,0,0,0
Biggs,Andy,,Republican,2016,4,1958,Man,White,Christian - Mormon,No,0,0,0,0,0,0,0,0,0,0,1,0,0,1,0,0,0,0,0,0
Bilirakis,Gus,Gus M. Bilirakis,Republican,2006,14,1963,Man,White,Christian - Eastern Orthodox,No,0,0,0,0,0,1,0,0,0,0,0,0,0,0,0,0,0,0,0,0
Bishop,Dan,,Republican,2019,1,1964,Man,White,Christian - Protestant,No,0,0,0,0,0,0,0,0,0,1,1,0,0,0,0,0,0,0,0,0
Bishop,Sanford,,Democratic,1992,28,1947,Man,Black,Christian - Protestant - Baptist,No,1,1,0,0,0,0,0,0,0,0,0,0,0,0,0,0,0,0,0,0
Blumenauer,Earl,Earl Blumenauer,Democratic,1996,24,1948,Man,White,Unknown/Refused,No,0,0,0,0,0,0,0,0,0,0,0,0,0,0,0,0,0,0,0,1
Blunt Rochester,Lisa,,Democratic,2016,4,1962,Woman,Black,Christian - Protestant,No,0,0,0,0,0,1,0,0,0,0,0,0,0,0,0,0,0,0,0,0
Boebert,Lauren,,Republican,2020,0,1986,Woman,White,Christian - Protestant - Nondenominational,No,0,0,0,1,0,0,0,0,0,0,0,0,1,0,0,0,0,0,0,0
Bonamici,Suzanne,,Democratic,2012,8,1954,Woman,White,Jewish,No,0,0,0,0,1,0,0,0,0,0,0,0,0,0,0,1,0,0,0,0
Bost,Mike,,Republican,2014,6,1960,Man,White,Christian - Protestant - Baptist,No,0,0,0,0,0,0,0,0,0,0,0,0,0,0,0,0,0,1,1,0
Bourdeaux,Carolyn,,Democratic,2020,0,1970,Woman,White,Christian - Protestant,No,0,0,0,0,0,0,0,0,0,0,0,0,0,0,0,0,1,1,0,0
Bowman,Jamaal,,Democratic,2020,0,1976,Man,Black,Unknown/Refused,No,0,0,0,0,1,0,0,0,0,0,0,0,0,0,0,1,0,0,0,0
Boyle,Brendan,,Democratic,2014,6,1977,Man,White,Christian - Roman Catholic,No,0,0,0,1,0,0,0,0,0,0,0,0,0,0,0,0,0,0,0,1
Brady,Kevin,,Republican,1996,24,1955,Man,White,Christian - Roman Catholic,No,0,0,0,0,0,0,0,0,0,0,0,0,0,0,0,0,0,0,0,1
Brooks,Mo,Mo Brooks,Republican,2010,10,1954,Man,White,Christian - Protestant - Nondenominational,No,0,0,1,0,0,0,0,0,0,0,0,0,0,0,0,1,0,0,0,0
Brown,Anthony,,Democratic,2016,4,1961,Man,Black - Jamaican,Christian - Roman Catholic,No,0,0,1,0,0,0,0,0,0,0,0,0,0,0,0,0,0,1,0,0
Brown,Shontel,,Democratic,2021,0,1975,Woman,Black,Christian - Protestant - Baptist,No,1,0,0,0,0,0,0,0,0,0,0,0,0,1,0,0,0,0,0,0
Brownley,Julia,,Democratic,2012,8,1952,Woman,White,Christian - Protestant - Episcopalian,No,0,0,0,0,0,0,0,0,0,0,0,0,1,0,0,0,0,1,1,0
Buchanan,Vern,,Republican,2006,14,1951,Man,White,Christian - Protestant - Baptist,No,0,0,0,0,0,0,0,0,0,0,0,0,0,0,0,0,0,0,0,1
Buck,Ken,Ken Buck,Republican,2014,6,1959,Man,White,Christian - Protestant,No,0,0,0,0,0,0,0,0,1,0,1,0,0,0,0,0,0,0,0,0
Bucshon,Larry,Larry Bucshon,Republican,2010,10,1962,Man,White,Christian - Protestant - Lutheran,No,0,0,0,0,0,1,0,0,0,0,0,0,0,0,0,0,0,0,0,0
Budd,Ted,,Republican,2016,4,1971,Man,White,Christian - Protestant - Nondenominational,No,0,0,0,0,0,0,0,1,0,0,0,0,0,0,0,0,0,0,0,0
Burchett,Tim,,Republican,2018,2,1964,Man,White,Christian - Protestant - Presbyterian,No,0,0,0,0,0,0,0,0,1,0,0,0,0,0,0,0,0,1,0,0
Burgess,Michael,Michael C. Burgess,Republican,2002,18,1950,Man,White,Christian - Protestant - Episcopalian,No,0,0,0,1,0,1,0,0,0,0,0,0,0,0,1,0,0,0,0,0
Bush,Cori,,Democratic,2020,0,1976,Woman,Black,Christian - Protestant - Nondenominational,No,0,0,0,0,0,0,0,0,0,0,1,0,0,1,0,0,0,0,0,0
Bustos,Cheri,,Democratic,2012,8,1961,Woman,White,Christian - Roman Catholic,No,1,1,0,0,0,0,0,0,0,0,0,0,0,0,0,0,0,0,0,0
Butterfield,George Kenneth,,Democratic,2004,16,1947,Man,White,Christian - Protestant - Baptist,No,0,0,0,0,0,1,0,0,0,0,0,0,0,0,0,0,0,0,0,0
Calvert,Ken,,Republican,1992,28,1953,Man,White,Christian - Protestant - Episcopalian,No,0,1,0,0,0,0,0,0,0,0,0,0,0,0,0,0,0,0,0,0
Cammack,Kat,,Republican,2020,0,1988,Woman,White,Christian - Protestant,No,1,0,0,0,0,0,0,0,0,1,0,0,0,0,0,0,0,0,0,0
Carbajal,Salud,,Democratic,2016,4,1964,Man,Hispanic - Mexican,Christian - Roman Catholic,No,1,0,1,0,0,0,0,0,0,0,0,0,0,0,0,0,0,0,0,0
Cárdenas,Tony,,Democratic,2012,8,1963,Man,Hispanic - Mexican,Christian - Protestant,No,0,0,0,0,0,1,0,0,0,0,0,0,0,0,0,0,0,0,0,0
Carey,Mike,,Republican,2021,0,1971,Man,White,Christian,No,0,0,0,1,0,0,0,0,0,0,0,0,0,0,0,1,0,0,0,0
Carl,Jerry,,Republican,2020,0,1958,Man,White,Christian - Protestant - Baptist,No,0,0,1,0,0,0,0,0,0,0,0,0,1,0,0,0,0,0,0,0
Carson,André,,Democratic,2008,12,1974,Man,Black,Muslim,No,0,0,0,0,0,0,0,0,0,0,0,0,0,0,0,0,0,1,0,0
Carter,Buddy,Earl Leroy Carter,Republican,2014,6,1957,Man,White,Christian - Protestant - Methodist,No,0,0,0,1,0,1,0,0,0,0,0,0,0,0,0,0,0,0,0,0
Carter,John,,Republican,2002,18,1941,Man,White,Christian - Protestant - Lutheran,No,0,1,0,0,0,0,0,0,0,0,0,0,0,0,0,0,0,0,0,0
Carter,Troy,,Democratic,2021,0,1963,Man,Black,,No,0,0,0,0,0,0,0,0,0,0,0,0,0,0,0,0,1,1,0,0
Cartwright,Matt,,Democratic,2012,8,1961,Man,White,Christian - Roman Catholic,No,0,1,0,0,0,0,0,0,0,0,0,0,0,0,0,0,0,0,0,0
Case,Ed,Ed Case,Democratic,"2018, 2002-2006",6,1952,Man,White,Christian - Protestant,No,0,1,0,0,0,0,0,0,0,0,0,0,1,0,0,0,0,0,0,0
Casten,Sean,,Democratic,2018,2,1971,Man,White,Unknown/Refused,No,0,0,0,0,0,0,0,1,0,0,0,0,0,0,0,1,0,0,0,0
Castor,Kathy,Kathy Castor,Democratic,2006,14,1966,Woman,White,Christian - Protestant - Presbyterian,No,0,0,0,0,0,1,0,0,0,0,0,0,0,0,0,0,0,0,0,0
Castro,Joaquin,,Democratic,2012,8,1974,Man,Hispanic - Mexican,Christian - Roman Catholic,No,0,0,0,0,1,0,0,0,1,0,0,0,0,0,0,0,0,0,0,0
Cawthorn,Madison,David Madison Cawthorn,Republican,2020,0,1995,Man,White,Christian - Protestant,No,0,0,0,0,1,0,0,0,0,0,0,0,0,0,0,0,0,0,1,0
Chabot,Steve,,Republican,"2010, 1994-2008",24,1953,Man,White,Christian - Roman Catholic,No,0,0,0,0,0,0,0,0,1,0,1,0,0,0,0,0,0,0,0,0
Cheney,Liz,,Republican,2016,4,1966,Woman,White,Christian - Protestant - Methodist,No,0,0,1,0,0,0,0,0,0,0,0,0,0,0,0,0,0,0,0,0
Cherfilus-McCormick,Sheila,,Democratic,2021,0,1979,Woman,Black - Hatian,Christian - Protestant,,0,0,0,0,1,0,0,0,0,0,0,0,0,0,0,0,0,1,1,0
Chu,Judy,Judy Chu,Democratic,2009,11,1953,Woman,Asian - Chinese,Unitarian Universalist,No,0,0,0,1,0,0,0,0,0,0,0,0,0,0,0,0,1,0,0,1
Cicilline,David,,Democratic,2010,10,1961,Man,White,Jewish,Gay,0,0,0,0,0,0,0,0,1,0,1,0,0,0,0,0,0,0,0,0
Clark,Katherine,Katherine M. Clark,Democratic,2013,7,1963,Woman,White,Christian - Protestant,No,0,1,0,0,0,0,0,0,0,0,0,0,0,0,0,0,0,0,0,0
Clarke,Yvette,,Democratic,2006,14,1964,Woman,Black - Jamaican,Christian - Protestant - African Methodist Episcopal,No,0,0,0,0,0,1,0,0,0,1,0,0,0,0,0,0,0,0,0,0
Cleaver,Emanuel,,Democratic,2004,16,1944,Man,Black,Christian - Protestant - Methodist,No,0,0,0,0,0,0,0,1,0,1,0,0,0,0,0,0,0,0,0,0
Cline,Ben,,Republican,2018,2,1972,Man,White,Christian - Roman Catholic,No,0,1,0,1,0,0,0,0,0,0,0,0,0,0,0,0,0,0,0,0
Cloud,Michael,,Republican,2018,2,1975,Man,White,Christian - Protestant,No,1,0,0,0,0,0,0,0,0,0,0,0,0,1,0,0,0,0,0,0
Clyburn,Jim,,Democratic,1992,28,1940,Man,Black,Christian - Protestant - African Methodist Episcopal,No,0,0,0,0,0,0,0,0,0,0,0,0,0,0,0,0,0,0,0,0
Clyde,Andrew,,Republican,2020,0,1963,Man,White,Christian - Protestant - Baptist,No,0,0,0,0,0,0,0,0,0,1,0,0,0,1,0,0,0,0,0,0
Cohen,Steve,Steve Cohen,Democratic,2006,14,1949,Man,White,Jewish,No,0,0,0,0,0,0,0,0,0,0,1,0,1,0,0,0,0,1,0,0
Cole,Tom,Tom Cole,Republican,2002,18,1949,Man,Multiple: Native American - Chickasaw/White,Christian - Protestant - Methodist,No,0,1,0,0,0,0,0,0,0,0,0,0,0,0,1,0,0,0,0,0
Comer,James,,Republican,2016,4,1943,Man,White,Christian - Protestant - Baptist,No,0,0,0,0,1,0,0,0,0,0,0,0,0,1,0,0,0,0,0,0
Connolly,Gerry,Gerald E. Connolly,Democratic,2008,12,1950,Man,White,Christian - Roman Catholic,No,0,0,0,0,0,0,0,0,1,0,0,0,0,1,0,0,0,0,0,0
Conway,Connie,,Republican,2022,0,1950,Woman,White,Christian - Roman Catholic,No,0,0,0,0,0,0,0,0,0,0,0,0,1,0,0,0,0,0,1,0
Cooper,Jim,,Democratic,"2002, 1982-1994",30,1954,Man,White,Christian - Protestant - Episcopalian,No,0,0,1,1,0,0,0,0,0,0,0,0,0,1,0,0,0,0,0,0
Correa,Lou,,Democratic,2016,4,1958,Man,Hispanic - Mexican,Christian - Roman Catholic,No,1,0,0,0,0,0,0,0,0,1,1,0,0,0,0,0,0,0,0,0
Costa,Jim,James M. Costa,Democratic,2004,16,1952,Man,White - Portuguese,Christian - Roman Catholic,No,1,0,0,0,0,0,0,0,1,0,0,0,1,0,0,0,0,0,0,0
Courtney,Joe,Joe Courtney,Democratic,2006,14,1953,Man,White,Christian - Roman Catholic,No,0,0,1,0,1,0,0,0,0,0,0,0,0,0,0,0,0,0,0,0
Craig,Angie,,Democratic,2018,2,1972,Woman,White,Christian - Protestant - Lutheran,Lesbian,1,0,0,0,0,1,0,0,0,0,0,0,0,0,0,0,1,0,0,0
Crawford,Rick,,Republican,2010,10,1966,Man,White,Christian - Protestant - Baptist,No,1,0,0,0,0,0,0,0,0,0,0,0,0,0,0,0,0,1,0,0
Crenshaw,Dan,Dan Crenshaw,Republican,2018,2,1984,Man,White,Christian - Protestant - Methodist,No,0,0,0,0,0,1,0,0,0,0,0,0,0,0,0,0,0,0,0,0
Crow,Jason,,Democratic,2018,2,1979,Man,White,Christian - Protestant - Nondenominational,No,0,0,1,0,0,0,0,0,0,0,0,0,0,0,0,0,1,0,0,0
Cuellar,Henry,,Democratic,2004,16,1955,Man,Hispanic - Mexican,Christian - Roman Catholic,No,0,1,0,0,0,0,0,0,0,0,0,0,0,0,0,0,0,0,0,0
Curtis,John,John Curtis,Republican,2017,3,1960,Man,White,Christian - Mormon,No,0,0,0,0,0,1,0,0,0,0,0,0,0,0,0,0,0,0,0,0
Davids,Sharice,Sharice Davids,Democratic,2018,2,1980,Woman,Native American - Ho-Chunk,Unknown/Refused,Lesbian,1,0,0,0,0,0,0,0,0,0,0,0,0,0,0,0,1,1,0,0
Davidson,Warren,,Republican,2016,4,1970,Man,White,Christian - Protestant,No,0,0,0,0,0,0,0,1,0,0,0,0,0,0,0,0,0,0,0,0
Davis,Danny,,Democratic,1996,24,1941,Man,Black,Christian - Protestant - Baptist,No,0,0,0,0,0,0,0,0,0,0,0,0,0,1,0,0,0,0,0,1
Davis,Rodney,,Republican,2012,8,1970,Man,White,Christian - Roman Catholic,No,1,0,0,0,0,0,0,0,0,0,0,0,0,0,0,0,0,1,0,0
Dean,Madeleine,,Democratic,2018,2,1959,Woman,White,Christian - Roman Catholic,No,0,0,0,0,0,0,0,1,0,0,1,0,0,0,0,0,0,0,0,0
DeFazio,Peter,,Democratic,1986,34,1947,Man,White,Christian - Roman Catholic,No,0,0,0,0,0,0,0,0,0,0,0,0,0,0,0,0,0,1,0,0
DeGette,Diana,,Democratic,1996,24,1957,Woman,White,Christian - Protestant - Presbyterian,No,0,0,0,0,0,1,0,0,0,0,0,0,1,0,0,0,0,0,0,0
DeLauro,Rosa,,Democratic,1990,30,1943,Woman,White,Christian - Roman Catholic,No,0,1,0,0,0,0,0,0,0,0,0,0,0,0,0,0,0,0,0,0
DelBene,Suzan,Suzan K. DelBene,Democratic,2012,8,1963,Woman,White,Christian - Protestant - Episcopalian,No,0,0,0,0,0,0,0,0,0,0,0,0,0,0,0,0,0,0,0,1
Demings,Val,,Democratic,2016,4,1957,Woman,Black,Christian - Protestant,No,0,0,0,0,0,0,0,0,0,1,1,0,0,0,0,0,0,0,0,0
DeSaulnier,Mark,,Democratic,2014,6,1952,Man,White,Christian - Roman Catholic,No,0,0,0,0,1,0,0,0,0,0,0,0,0,1,1,0,0,1,0,0
DesJarlais,Scott,,Republican,2010,10,1964,Man,White,Christian - Protestant - Episcopalian,No,1,0,1,0,0,0,0,0,0,0,0,0,0,0,0,0,0,0,0,0
Diaz-Balart,Mario,,Republican,2002,18,1961,Man,Hispanic - Cuban,Christian - Roman Catholic,No,0,1,0,0,0,0,0,0,0,0,0,0,0,0,0,0,0,0,0,0
Dingell,Debbie,Debbie Dingell,Democratic,2014,6,1953,Woman,White,Christian - Roman Catholic,No,0,0,0,0,0,1,0,0,0,0,0,0,1,0,0,0,0,0,0,0
Doggett,Lloyd,Lloyd Doggett,Democratic,1994,26,1946,Man,White,Christian - Protestant - Methodist,No,0,0,0,1,0,0,0,0,0,0,0,0,0,0,0,0,0,0,0,1
Donalds,Byron,,Republican,2020,0,1978,Man,Black,Christian - Protestant,No,0,0,0,1,0,0,0,0,0,0,0,0,0,1,0,0,1,0,0,0
Doyle,Mike,,Democratic,1994,26,1953,Man,White,Christian - Roman Catholic,No,0,0,0,0,0,1,0,0,0,0,0,0,0,0,0,0,0,0,0,0
Duncan,Jeff,,Republican,2010,10,1966,Man,White,Christian - Protestant - Baptist,No,0,0,0,0,0,1,0,0,0,0,0,0,0,0,0,0,0,0,0,0
Dunn,Neal,Neal P. Dunn,Republican,2016,4,1953,Man,White,Christian - Roman Catholic,No,0,0,0,0,0,1,0,0,0,0,0,0,0,0,0,0,0,0,0,0
Ellzey,Jake,,Republican,2021,0,1970,Man,White,Christian - Protestant,No,0,0,0,0,0,0,0,0,0,0,0,0,0,0,0,1,0,0,1,0
Emmer,Tom,,Republican,2014,6,1961,Man,White,Christian - Roman Catholic,No,0,0,0,0,0,0,0,1,0,0,0,0,0,0,0,0,0,0,0,0
Escobar,Veronica,,Democratic,2018,2,1969,Woman,Hispanic,Christian - Roman Catholic,No,0,0,1,0,0,0,1,0,0,0,1,0,0,0,0,0,0,0,0,0
Eshoo,Anna,,Democratic,1992,28,1942,Woman,White - Armenian,Christian - Chaldean Catholic,No,0,0,0,0,0,1,0,0,0,0,0,0,0,0,0,0,0,0,0,0
Espaillat,Adriano,,Democratic,2016,4,1954,Man,Hispanic - Dominican,Christian - Roman Catholic,No,0,1,0,0,1,0,0,0,0,0,0,0,0,0,0,0,0,0,0,0
Estes,Ron,Ron Estes,Republican,2017,3,1956,Man,White,Christian - Protestant - Lutheran,No,0,0,0,0,0,0,0,0,0,0,0,0,0,0,0,0,0,0,0,1
Evans,Dwight,Dwight Evans,Democratic,2016,4,1954,Man,Black,Christian - Protestant - Baptist,No,0,0,0,0,0,0,0,0,0,0,0,0,0,0,0,0,1,0,0,1
Fallon,Pat,Patrick Fallon,Republican,2020,0,1967,Man,White,Christian - Roman Catholic,No,0,0,1,0,0,0,0,0,0,0,0,0,0,1,0,0,0,0,0,0
Feenstra,Randy,,Republican,2020,0,1969,Man,White,Christian - Protestant,No,1,0,0,1,0,0,0,0,0,0,0,0,0,0,0,1,0,0,0,0
Ferguson,Drew,,Republican,2016,4,1966,Man,White,Christian - Protestant - Nondenominational,No,0,0,0,0,0,0,0,0,0,0,0,0,0,0,0,0,0,0,0,1
Finstad,Brad,,Republican,2022,0,1976,Man,White,Christian - Roman Catholic,No,1,0,0,0,1,0,0,0,0,0,0,0,0,0,0,0,0,0,0,0
Fischbach,Michelle,,Republican,2020,0,1965,Woman,White,Christian - Roman Catholic,No,1,0,0,0,0,0,0,0,0,0,1,0,0,0,1,0,0,0,0,0
Fitzgerald,Scott,,Republican,2020,0,1963,Man,White,Christian - Roman Catholic,No,0,0,0,0,1,0,0,0,0,0,1,0,0,0,0,0,1,0,0,0
Fleischmann,Chuck,"Charles J. ""Chuck"" Fleischmann",Republican,2010,10,1962,Man,White,Christian - Roman Catholic,No,0,1,0,0,0,0,0,0,0,0,0,0,0,0,0,0,0,0,0,0
Fletcher,Lizzie,,Democratic,2018,2,1975,Woman,White,Christian - Protestant - Methodist,No,0,0,0,0,0,1,0,0,0,0,0,0,0,0,0,1,0,0,0,0
Flood,Mike,,Republican,2022,0,1975,Man,White,Christian - Roman Catholic,No,0,0,0,0,0,0,0,0,0,0,0,0,0,1,0,0,1,0,0,0
Flores,Mayra,,Republican,2022,0,1985/1986,Woman,Hispanic - Mexican,Christian - Roman Catholic,No,1,0,0,0,0,0,0,0,0,1,0,0,0,0,0,0,0,0,0,0
Foster,Bill,,Democratic,"2012, 2008  -2010",10,1955,Man,White,Unknown/Refused,No,0,0,0,0,0,0,0,1,0,0,0,0,0,0,0,1,0,0,0,0
Foxx,Virginia,Virginia Foxx,Republican,2004,16,1943,Woman,White,Christian - Roman Catholic,No,0,0,0,0,1,0,0,0,0,0,0,0,0,1,0,0,0,0,0,0
Frankel,Lois,Lois Frankel,Democratic,2012,8,1948,Woman,White,Jewish,No,0,1,0,0,0,0,0,0,0,0,0,0,0,0,0,0,0,0,1,0
Fulcher,Russ,Russ Fulcher,Republican,2018,2,1965,Man,White,Christian - Protestant,No,0,0,0,0,1,0,0,0,0,0,0,0,1,0,0,0,0,0,0,0
Gaetz,Matt,,Republican,2016,4,1982,Man,White,Christian - Protestant - Baptist,No,0,0,1,0,0,0,0,0,0,0,1,0,0,0,0,0,0,0,0,0
Gallagher,Mike,Mike Gallagher,Republican,2016,4,1984,Man,White,Christian - Roman Catholic,No,0,0,1,0,0,0,0,0,0,0,0,0,0,0,0,0,0,1,0,0
Gallego,Ruben,,Democratic,2014,6,1979,Man,Hispanic - Mexican/Colombian,Christian - Roman Catholic,No,0,0,1,0,0,0,0,0,0,0,0,0,1,0,0,0,0,0,1,0
Garamendi,John,John Garamendi,Democratic,2009,11,1945,Man,White,Christian - Protestant,No,0,0,1,0,0,0,0,0,0,0,0,0,0,0,0,0,0,1,0,0
Garbarino,Andrew,Andrew Garbarino,Republican,2020,0,1984,Man,White,Christian - Roman Catholic,No,0,0,0,0,0,0,0,0,0,1,0,0,0,0,0,0,1,0,0,0
Garcia,Mike,Mike Garcia,Republican,2020,0,1976,Man,Hispanic - Mexican,Christian - Protestant,No,0,1,0,0,0,0,0,0,0,0,0,0,0,0,0,1,0,0,0,0
Garcia,Sylvia,,Democratic,2018,2,1950,Woman,Hispanic - Mexican,Christian - Roman Catholic,No,0,0,1,0,0,0,0,1,0,0,1,0,0,0,0,0,0,0,0,0
García,"Jesús ""Chuy""",,Democratic,2018,2,1956,Man,Hispanic - Mexican,Christian - Roman Catholic,No,0,0,0,0,0,0,0,1,0,0,0,0,1,0,0,0,0,1,0,0
Gibbs,Bob,Bob Gibbs,Republican,2010,10,1954,Man,White,Christian - Protestant - Methodist,No,0,0,0,0,0,0,0,0,0,0,0,0,0,1,0,0,0,1,0,0
Giménez,Carlos,,Republican,2020,0,1954,Man,Hispanic - Cuban,Christian - Roman Catholic,No,0,0,0,0,0,0,0,0,0,1,0,0,0,0,0,1,0,1,0,0
Gohmert,Louie,,Republican,2004,16,1953,Man,White,Christian - Protestant - Baptist,No,0,0,0,0,0,0,0,0,0,0,1,0,1,0,0,0,0,0,0,0
Golden,Jared,,Democratic,2018,2,1982,Man,White,Unknown/Refused,No,0,0,1,0,0,0,0,0,0,0,0,0,0,0,0,0,1,0,0,0
Gomez,Jimmy,,Democratic,2017,3,1974,Man,Hispanic - Mexican,Christian - Roman Catholic,No,0,0,0,0,0,0,0,0,0,0,0,0,0,1,0,0,0,0,0,1
Gonzales,Tony,Anthony E. Gonzalez,Republican,2020,0,1980,Man,Hispanic - Mexican,Christian - Roman Catholic,No,0,1,0,0,0,0,0,0,0,0,0,0,0,0,0,0,0,0,0,0
Gonzalez,Anthony,,Republican,2018,2,1984,Man,Hispanic - Cuban,Christian - Roman Catholic,No,0,0,0,0,0,0,0,1,0,0,0,0,0,0,0,1,0,0,0,0
González,Vicente,Vicente Gonzalez,Democratic,2016,4,1967,Man,Hispanic,Christian - Roman Catholic,No,0,0,0,0,0,0,0,1,1,0,0,0,0,0,0,0,0,0,0,0
Good,Bob,,Republican,2020,0,1965,Man,White,Christian - Evangelical Protestant,No,0,0,0,1,1,0,0,0,0,0,0,0,0,0,0,0,0,0,0,0
Gooden,Lance,,Republican,2018,2,1982,Man,White,Christian - Restorationist,No,0,0,0,0,0,0,0,1,0,0,0,0,0,0,0,0,0,0,0,0
Gosar,Paul,,Republican,2010,10,1958,Man,White,Christian - Roman Catholic,No,0,0,0,0,0,0,0,0,0,0,0,0,0,0,0,0,0,0,0,0
Gottheimer,Josh,Josh Gottheimer,Democratic,2016,4,1975,Man,White,Jewish,No,0,0,0,0,0,0,0,1,0,1,0,0,0,0,0,0,0,0,0,0
Granger,Kay,,Republican,1996,24,1943,Woman,White,Christian - Protestant - Methodist,No,0,1,0,0,0,0,0,0,0,0,0,0,0,0,0,0,0,0,0,0
Graves,Garret,Garret Graves,Republican,2014,6,1972,Man,Multiple: White/Middle Eastern - Lebanese,Christian - Roman Catholic,No,0,0,0,0,0,0,0,0,0,0,0,0,1,0,0,0,0,1,0,0
Graves,Sam,,Republican,2000,20,1963,Man,White,Christian - Protestant - Baptist,No,0,0,1,0,0,0,0,0,0,0,0,0,0,0,0,0,0,1,0,0
Green,Al,,Democratic,2004,16,1947,Man,Black,Christian - Protestant - Baptist,No,0,0,0,0,0,0,0,1,0,1,0,0,0,0,0,0,0,0,0,0
Green,Mark,Mark E. Green,Republican,2018,2,1964,Man,White,Christian - Protestant,No,0,0,1,0,0,0,0,0,1,0,0,0,0,0,0,0,0,0,0,0
Greene,Marjorie Taylor,Marjorie Taylor Greene,Republican,2020,0,1974,Woman,White,Christian - Protestant,No,0,0,0,0,0,0,0,0,0,0,0,0,0,0,0,0,0,0,0,0
Griffith,Morgan,,Republican,2010,10,1958,Man,White,Christian - Protestant - Episcopalian,No,0,0,0,0,0,1,0,0,0,0,0,0,0,0,0,0,0,0,0,0
Grijalva,Raúl,Raúl M. Grijalva,Democratic,2002,18,1948,Man,Hispanic - Mexican,Christian - Roman Catholic,No,0,0,0,0,1,0,0,0,0,0,0,0,1,0,0,0,0,0,0,0
Grothman,Glenn,,Republican,2014,6,1955,Man,White,Christian - Protestant - Lutheran,No,0,0,0,1,1,0,0,0,0,0,0,0,0,1,0,0,0,0,0,0
Guest,Michael,Michael Patrick Guest,Republican,2018,2,1970,Man,White,Christian - Protestant - Baptist,No,0,0,0,0,0,0,1,0,0,1,0,0,0,0,0,0,0,1,0,0
Guthrie,Brett,,Republican,2008,12,1964,Man,White,Christian - Restorationist,No,0,0,0,0,0,1,0,0,0,0,0,0,0,0,0,0,0,0,0,0
Harder,Josh,,Democratic,2018,2,1986,Man,White,Christian - Protestant,No,1,1,0,0,0,0,0,0,0,0,0,0,0,0,0,0,0,0,0,0
Harris,Andy,,Republican,2010,10,1957,Man,White,Christian - Roman Catholic,No,0,1,0,0,0,0,0,0,0,0,0,0,0,0,0,0,0,0,0,0
Harshbarger,Diana,Diana Harshbarger,Republican,2020,0,1960,Woman,White,Christian - Protestant - Baptist,No,0,0,0,0,1,0,0,0,0,1,0,0,0,0,0,0,0,0,0,0
Hartzler,Vicky,,Republican,2010,10,1960,Woman,White,Christian - Evangelical Protestant,No,1,0,1,0,0,0,0,0,0,0,0,0,0,0,0,0,0,0,0,0
Hayes,Jahana,,Democratic,2018,2,1973,Woman,Black,Christian - Protestant - Methodist,No,1,0,0,0,1,0,0,0,0,0,0,0,0,0,0,0,0,0,0,0
Hern,Kevin,Kevin Hern,Republican,2018,2,1961,Man,White,Christian - Protestant,No,0,0,0,0,0,0,0,0,0,0,0,0,0,0,0,0,0,0,0,1
Herrell,Yvette,,Republican,2020,0,1964,Woman,Multiple: White/Native American - Cherokee,Christian - Protestant,No,0,0,0,0,0,0,0,0,0,0,0,0,1,1,0,0,0,0,0,0
Herrera Beutler,Jaime,,Republican,2010,10,1978,Woman,Hispanic - Mexican,Christian - Protestant,No,0,1,0,0,0,0,0,0,0,0,0,0,0,0,0,0,0,0,0,0
Hice,Jody,,Republican,2014,6,1960,Man,White,Christian - Protestant - Baptist,No,0,0,0,0,0,0,0,0,0,0,0,0,1,1,0,0,0,0,0,0
Higgins,Brian,,Democratic,2004,16,1959,Man,White,Christian - Roman Catholic,No,0,0,0,1,0,0,0,0,0,0,0,0,0,0,0,0,0,0,0,1
Higgins,Clay,,Republican,2016,4,1961,Man,White,Christian - Protestant,No,0,0,0,0,0,0,0,0,0,1,0,0,0,1,0,0,0,0,0,0
Hill,French,James French Hill,Republican,2014,6,1956,Man,White,Christian - Roman Catholic,No,0,0,0,0,0,0,0,1,0,0,0,0,0,0,0,0,0,0,0,0
Himes,Jim,,Democratic,2008,12,1966,Man,White,Christian - Protestant - Presbyterian,No,0,0,0,0,0,0,0,1,0,0,0,0,0,0,0,0,0,0,0,0
Hinson,Ashley,,Republican,2020,0,1983,Woman,White,Christian - Protestant - Nondenominational,No,0,1,0,1,0,0,0,0,0,0,0,0,0,0,0,0,0,0,0,0
Hollingsworth,Trey,Trey Hollingsworth,Republican,2016,4,1983,Man,White,Christian - Protestant,No,0,0,0,0,0,0,0,1,0,0,0,0,0,0,0,0,0,0,0,0
Horsford,Steven,,Democratic,"2018, 2012-2014",4,1973,Man,Black - Trinidadian,Christian - Protestant - Baptist,No,0,0,1,1,0,0,0,0,0,0,0,0,0,0,0,0,0,0,0,1
Houlahan,Chrissy,,Democratic,2018,2,1967,Woman,White,Unknown/Refused,No,0,0,1,0,0,0,0,0,1,0,0,0,0,0,0,0,1,0,0,0
Hoyer,Steny,,Democratic,1981,39,1939,Man,White,Christian - Protestant - Baptist,No,0,0,0,0,0,0,0,0,0,0,0,0,0,0,0,0,0,0,0,0
Hudson,Richard,,Republican,2012,8,1971,Man,White,Christian - Protestant,No,0,0,0,0,0,1,0,0,0,0,0,0,0,0,0,0,0,0,0,0
Huffman,Jared,,Democratic,2012,8,1964,Man,White,Humanist,No,0,0,0,0,0,0,0,0,0,0,0,0,1,0,0,0,0,1,0,0
Huizenga,Bill,,Republican,2010,10,1969,Man,White,Christian - Protestant - Reformed (Calvinist),No,0,0,0,0,0,0,0,1,0,0,0,0,0,0,0,0,0,0,0,0
Issa,Darrell,,Republican,"2020, 2000-2018",18,1953,Man,Multiple: White/Middle Eastern - Lebanese,Christian - Eastern Orthodox,No,0,0,0,0,0,0,0,0,1,0,1,0,0,0,0,0,0,0,0,0
Jackson,Ronny,,Republican,2020,0,1967,Man,White,Christian - Restorationist,No,0,0,1,0,0,0,0,0,1,0,0,0,0,0,0,0,0,0,0,0
Jackson Lee,Sheila,,Democratic,1994,26,1950,Woman,Black - Jamaican,Christian - Protestant - Seventh-Day Adventist,No,0,0,0,1,0,0,0,0,0,1,1,0,0,0,0,0,0,0,0,0
Jacobs,Chris,Chris Jacobs,Republican,2020,0,1966,Man,White,Unknown/Refused,No,1,0,0,0,1,0,0,0,0,0,0,0,0,0,0,0,0,0,0,0
Jacobs,Sara,Sara Jacobs,Democratic,2020,0,1989,Woman,White,Jewish,No,0,0,1,0,0,0,0,0,1,0,0,0,0,0,0,0,0,0,0,0
Jayapal,Pramila,,Democratic,2016,4,1965,Woman,Asian - Indian,Unknown/Refused,No,0,0,0,1,1,0,0,0,0,0,1,0,0,0,0,0,0,0,0,0
Jeffries,Hakeem,Hakeem S. Jeffries,Democratic,2012,8,1970,Man,Black,Christian - Protestant - Baptist,No,0,0,0,1,0,0,0,0,0,0,1,0,0,0,0,0,0,0,0,0
Johnson,Bill,,Republican,2010,10,1954,Man,White,Christian - Protestant,No,0,0,0,0,0,1,0,0,0,0,0,0,0,0,0,0,0,0,0,0
Johnson,Dusty,,Republican,2018,2,1976,Man,White,Christian - Protestant,No,1,0,0,0,0,0,0,0,0,0,0,0,0,0,0,0,0,1,0,0
Johnson,Eddie Bernice,,Democratic,1992,28,1935,Woman,Black,Christian - Protestant - Baptist,No,0,0,0,0,0,0,0,0,0,0,0,0,0,0,0,1,0,1,0,0
Johnson,Hank,,Democratic,2006,14,1954,Man,Black,Buddhist - Soka Gakkai,No,0,0,0,0,0,0,0,0,0,0,1,0,0,1,0,0,0,1,0,0
Johnson,Mike,,Republican,2016,4,1972,Man,White,Christian - Protestant - Baptist,No,0,0,1,0,0,0,0,0,0,0,1,0,0,0,0,0,0,0,0,0
Jones,Mondaire,,Democratic,2020,0,1987,Man,Black,Christian - Protestant - Baptist,Gay,0,0,0,0,1,0,1,0,0,0,1,0,0,0,0,0,0,0,0,0
Jordan,Jim,,Republican,2006,14,1964,Man,White,Christian - Protestant,No,0,0,0,0,0,0,0,0,0,0,1,0,0,1,0,0,0,0,0,0
Joyce,Dave,David P. Joyce,Republican,2012,8,1957,Man,White,Christian - Roman Catholic,No,0,1,0,0,0,0,1,0,0,0,0,0,0,0,0,0,0,0,0,0
Joyce,John,,Republican,2018,2,1957,Man,White,Christian - Roman Catholic,No,0,0,0,0,0,1,0,0,0,0,0,0,0,0,0,0,0,0,0,0
Kahele,Kai,,Democratic,2020,0,1974,Man,Pacific Islander - Native Hawaiian,Unknown/Refused,No,0,0,1,0,0,0,0,0,0,0,0,0,0,0,0,0,0,1,0,0
Kaptur,Marcy,,Democratic,1982,38,1946,Woman,White,Christian - Roman Catholic,No,1,1,0,0,0,0,0,0,0,0,0,0,0,0,0,0,0,0,1,0
Katko,John,,Republican,2014,6,1962,Man,White,Christian - Roman Catholic,No,0,0,0,0,0,0,0,0,0,1,0,0,0,0,0,0,0,1,0,0
Keating,Bill,William R. Keating,Democratic,2010,10,1952,Man,White,Christian - Roman Catholic,No,0,0,1,0,0,0,0,0,1,0,0,0,0,0,0,0,0,0,0,0
Keller,Fred,,Republican,2019,1,1965,Man,White,Christian - Protestant - United Church of Christ,No,0,0,0,0,1,0,0,0,0,0,0,0,0,1,0,0,0,0,0,0
Kelly,Mike,Mike Kelly,Republican,2010,10,1948,Man,White,Christian - Roman Catholic,No,0,0,0,0,0,0,0,0,0,0,0,0,0,0,0,0,0,0,0,1
Kelly,Robin,,Democratic,2013,7,1956,Woman,Black,Christian - Protestant - Nondenominational,No,0,0,0,0,0,1,0,0,0,0,0,0,0,1,0,0,0,0,0,0
Kelly,Trent,,Republican,2015,5,1966,Man,White,Christian - Protestant - Methodist,No,1,0,1,0,0,0,0,0,0,0,0,0,0,1,0,0,0,0,0,0
Khanna,Ro,Ro Khanna,Democratic,2016,4,1976,Man,Asian - Indian,Hindu,No,1,0,1,0,0,0,0,0,0,0,0,0,0,1,0,0,0,0,0,0
Kildee,Dan,,Democratic,2012,8,1958,Man,White,Christian - Roman Catholic,No,0,0,0,1,0,0,0,0,0,0,0,0,0,0,0,1,0,0,0,1
Kilmer,Derek,,Democratic,2012,8,1974,Man,White,Christian - Protestant - Methodist,No,0,1,0,0,0,0,0,0,0,0,0,0,0,0,0,0,0,0,0,0
Kim,Andy,,Democratic,2018,2,1982,Man,Asian - Korean,Christian - Protestant - Presbyterian,No,0,0,1,0,0,0,0,0,1,0,0,0,0,0,0,0,1,0,0,0
Kim,Young,,Republican,2020,0,1962,Woman,Asian - Korean,Christian - Protestant,No,0,0,0,0,0,0,0,0,1,0,0,0,0,0,0,1,1,0,0,0
Kind,Ron,,Democratic,1996,24,1963,Man,White,Christian - Protestant - Lutheran,No,0,0,0,0,0,0,0,0,0,0,0,0,0,0,0,0,0,0,0,1
Kinzinger,Adam,,Republican,2010,10,1978,Man,White,Christian - Protestant,No,0,0,0,0,0,1,0,0,1,0,0,0,0,0,0,0,0,0,0,0
Kirkpatrick,Ann,,Democratic,"2018, 2012-2016, 2008-2010",6,1950,Woman,White,Christian - Roman Catholic,No,0,1,0,0,0,0,0,0,0,0,0,0,0,0,0,0,0,0,0,0
Krishnamoorthi,Raja,,Democratic,2016,4,1973,Man,Asian - Indian,Hindu,No,0,0,0,0,0,0,0,0,0,0,0,0,0,1,0,0,0,0,0,0
Kuster,Annie,,Democratic,2012,8,1956,Woman,White,Christian - Protestant - Episcopalian,No,1,0,0,0,0,1,0,0,0,0,0,0,0,0,0,0,0,0,0,0
Kustoff,David,David Kustoff,Republican,2016,4,1966,Man,White,Jewish,No,0,0,0,0,0,0,0,0,0,0,0,0,0,0,0,0,0,0,0,1
LaHood,Darin,,Republican,2015,5,1968,Man,Multiple: White/Middle Eastern - Lebanese,Christian - Roman Catholic,No,0,0,0,0,0,0,0,0,0,0,0,0,0,0,0,0,0,0,0,1
LaMalfa,Doug,,Republican,2012,8,1960,Man,White,Christian - Protestant,No,1,0,0,0,0,0,0,0,0,0,0,0,0,0,0,0,0,1,0,0
Lamb,Conor,,Democratic,2018,2,1984,Man,White,Christian - Roman Catholic,No,0,0,0,0,0,0,0,0,0,0,0,0,0,0,0,1,0,1,1,0
Lamborn,Doug,Doug Lamborn,Republican,2006,14,1954,Man,White,Christian - Protestant,No,0,0,1,0,0,0,0,0,0,0,0,0,1,0,0,0,0,0,0,0
Langevin,Jim,James R. Langevin,Democratic,2000,20,1964,Man,White,Christian - Roman Catholic,No,0,0,1,0,0,0,0,0,0,1,0,0,0,0,0,0,0,0,0,0
Larsen,Rick,,Democratic,2000,20,1965,Man,White,Christian - Protestant - Methodist,No,0,0,1,0,0,0,0,0,0,0,0,0,0,0,0,0,0,1,0,0
Larson,John,,Democratic,1998,22,1948,Man,White,Christian - Roman Catholic,No,0,0,0,0,0,0,0,0,0,0,0,0,0,0,0,0,0,0,0,1
Latta,Bob,Robert E. Latta,Republican,2007,13,1956,Man,White,Christian - Roman Catholic,No,0,0,0,0,0,1,0,0,0,0,0,0,0,0,0,0,0,0,0,0
LaTurner,Jake,,Republican,2020,0,1988,Man,White,Christian - Roman Catholic,No,0,0,0,0,0,0,0,0,0,1,0,0,0,1,0,1,0,0,0,0
Lawrence,Brenda,,Democratic,2014,6,1954,Woman,Black,Christian - Protestant,No,0,1,0,0,0,0,0,0,0,0,0,0,0,1,0,0,0,0,0,0
Lawson,Al,,Democratic,2016,4,1948,Man,Black,Christian - Protestant - Episcopalian,No,1,0,0,0,0,0,0,1,0,0,0,0,0,0,0,0,0,0,0,0
Lee,Barbara,,Democratic,1998,22,1946,Woman,Black,Christian - Protestant - Baptist,No,0,1,0,1,0,0,0,0,0,0,0,0,0,0,0,0,0,0,0,0
Lee,Susie,Susie Lee,Democratic,2018,2,1966,Woman,White,Christian - Roman Catholic,No,0,1,0,0,0,0,0,0,0,0,0,0,0,0,0,0,0,0,0,0
Leger Fernandez,Teresa,Teresa Leger Fernandez,Democratic,2020,0,1959,Woman,Hispanic,Christian - Roman Catholic,No,0,0,0,0,1,0,0,0,0,0,0,0,1,0,0,0,0,0,0,0
Lesko,Debbie,,Republican,2018,2,1958,Woman,White,Christian - Protestant,No,0,0,0,0,0,1,0,0,0,0,0,0,0,0,0,0,0,0,0,0
Letlow,Julia,,Republican,2021,0,1981,Woman,White,Christian,No,0,1,0,0,0,0,0,0,0,0,0,0,0,0,0,0,0,0,0,0
Levin,Andy,,Democratic,2018,2,1960,Man,White,Jewish,No,0,0,0,0,1,0,0,0,1,0,0,0,0,0,0,0,0,0,0,0
Levin,Mike,,Democratic,2018,2,1978,Man,Multiple: Hispanic - Mexican/White - Jewish,Christian - Roman Catholic,No,0,0,0,0,0,0,0,0,0,0,0,0,1,0,0,0,0,0,1,0
Lieu,Ted,,Democratic,2014,6,1969,Man,Asian - Taiwanese,Christian - Roman Catholic,No,0,0,0,0,0,0,0,0,1,0,1,0,0,0,0,0,0,0,0,0
Lofgren,Zoe,Zoe Lofgren,Democratic,1994,26,1947,Woman,White,Christian - Protestant - Lutheran,No,0,0,0,0,0,0,0,0,0,0,1,0,0,0,0,1,0,0,0,0
Long,Billy,Billy Long,Republican,2010,10,1955,Man,White,Christian - Protestant - Presbyterian,No,0,0,0,0,0,1,0,0,0,0,0,0,0,0,0,0,0,0,0,0
Loudermilk,Barry,,Republican,2014,6,1963,Man,White,Christian - Protestant - Baptist,No,0,0,0,0,0,0,0,1,0,0,0,0,0,0,0,0,0,0,0,0
Lowenthal,Alan,Alan S. Lowenthal,Democratic,2012,8,1941,Man,White,Jewish,No,0,0,0,0,0,0,0,0,0,0,0,0,1,0,0,0,0,1,0,0
Lucas,Frank,,Republican,1994,26,1960,Man,White,Christian - Protestant - Baptist,No,0,0,0,0,0,0,0,1,0,0,0,0,0,0,0,1,0,0,0,0
Luetkemeyer,Blaine,,Republican,2008,12,1960,Man,White,Christian - Roman Catholic,No,0,0,0,0,0,0,0,1,0,0,0,0,0,0,0,0,1,0,0,0
Luria,Elaine,Elaine Luria,Democratic,2018,2,1975,Woman,White,Jewish,No,0,0,1,0,0,0,0,0,0,1,0,0,0,0,0,0,0,0,1,0
Lynch,Stephen,,Democratic,2001,19,1955,Man,White,Christian - Roman Catholic,No,0,0,0,0,0,0,0,1,0,0,0,0,0,1,0,0,0,1,0,0
Mace,Nancy,,Republican,2020,0,1977,Woman,White,Christian - Protestant - Nondenominational,No,0,0,0,0,0,0,0,0,0,0,0,0,0,1,0,0,0,1,1,0
Malinowski,Tom,Tom Malinowski,Democratic,2018,2,1965,Man,White - Polish,Unknown/Refused,No,0,0,0,0,0,0,0,0,1,1,0,0,0,0,0,0,0,1,0,0
Malliotakis,Nicole,,Republican,2020,0,1980,Woman,Multiple: Hispanic - Cuban/White,Christian - Eastern Orthodox,No,0,0,0,0,0,0,0,0,1,0,0,0,0,0,0,0,0,1,0,0
Maloney,Carolyn,,Democratic,1992,28,1948,Woman,White,Christian - Protestant - Presbyterian,No,0,0,0,0,0,0,0,1,0,0,0,0,0,1,0,0,0,0,0,0
Maloney,Sean Patrick,,Democratic,2012,8,1966,Man,White,Christian - Roman Catholic,Gay,1,0,0,0,0,0,0,0,0,0,0,0,0,0,0,0,0,1,0,0
Mann,Tracey,,Republican,2020,0,1976,Man,White,Christian - Protestant - Pietist,No,1,0,0,0,0,0,0,0,0,0,0,0,0,0,0,0,0,0,1,0
Manning,Kathy,Kathy Manning,Democratic,2020,0,1956,Woman,White,Jewish,No,0,0,0,0,1,0,0,0,1,0,0,0,0,0,0,0,0,0,0,0
Massie,Thomas,,Republican,2012,8,1971,Man,White,Christian - Protestant - Methodist,No,0,0,0,0,0,0,0,0,0,0,1,0,0,0,0,0,0,1,0,0
Mast,Brian,Brian Mast,Republican,2016,4,1980,Man,Hispanic - Mexican,Christian - Protestant,No,0,0,0,0,0,0,0,0,1,0,0,0,0,0,0,0,0,1,0,0
Matsui,Doris,,Democratic,2005,15,1944,Woman,Asian - Japanese,Christian - Protestant - Methodist,No,0,0,0,0,0,1,0,0,0,0,0,0,0,0,0,0,0,0,0,0
McBath,Lucy,,Democratic,2018,2,1960,Woman,Black,Christian - Protestant,No,0,0,0,0,1,0,0,0,0,0,1,0,0,0,0,0,0,0,0,0
McCarthy,Kevin,,Republican,2006,14,1965,Man,White,Christian - Protestant - Baptist,No,0,0,0,0,0,0,0,0,0,0,0,0,0,0,0,0,0,0,0,0
McCaul,Michael,Michael T. McCaul,Republican,2004,16,1962,Man,White,Christian - Roman Catholic,No,0,0,0,0,0,0,0,0,1,1,0,0,0,0,0,0,0,0,0,0
McClain,Lisa,,Republican,2020,0,1966,Woman,White,Christian - Roman Catholic,No,0,0,1,0,1,0,0,0,0,0,0,0,0,0,0,0,0,0,0,0
McClintock,Tom,,Republican,2008,12,1956,Man,White,Christian - Protestant - Baptist,No,0,0,0,1,0,0,0,0,0,0,1,0,1,0,0,0,0,0,0,0
McCollum,Betty,,Democratic,2000,20,1954,Woman,White,Christian - Roman Catholic,No,0,1,0,0,0,0,0,0,0,0,0,0,1,0,0,0,0,0,0,0
McEachin,Aston Donald,Aston Donald McEachin,Democratic,2017,3,1961,Man,Black,Christian - Protestant - Baptist,No,0,0,0,0,0,1,0,0,0,0,0,0,1,0,0,0,0,0,0,0
McGovern,Jim,,Democratic,1996,24,1959,Man,White,Christian - Roman Catholic,No,1,0,0,0,0,0,0,0,0,0,0,0,0,0,1,0,0,0,0,0
McHenry,Patrick,,Republican,2004,16,1975,Man,White,Christian - Roman Catholic,No,0,0,0,0,0,0,0,1,0,0,0,0,0,0,0,0,0,0,0,0
McKinley,David,David B. McKinley,Republican,2010,10,1947,Man,White,Christian - Protestant - Episcopalian,No,0,0,0,0,0,1,0,0,0,0,0,0,0,0,0,0,0,0,0,0
McMorris Rodgers,Cathy,,Republican,2004,16,1969,Woman,White,Christian - Protestant - Nondenominational,No,0,0,0,0,0,1,0,0,0,0,0,0,0,0,0,0,0,0,0,0
McNerney,Jerry,,Democratic,2006,14,1951,Man,White,Christian - Roman Catholic,No,0,0,0,0,0,1,0,0,0,0,0,0,0,0,0,1,0,0,0,0
Meeks,Gregory,,Democratic,1998,22,1953,Man,Black,Christian - Protestant - Methodist,No,0,0,0,0,0,0,0,1,1,0,0,0,0,0,0,0,0,0,0,0
Meijer,Peter,Peter Meijer,Republican,2020,0,1988,Man,White,Christian - Protestant,No,0,0,0,0,0,0,0,0,1,1,0,0,0,0,0,1,0,0,0,0
Meng,Grace,,Democratic,2012,8,1975,Woman,Asian - Taiwanese,Christian - Protestant,No,0,1,0,0,0,0,0,0,0,0,0,0,0,0,0,0,0,0,0,0
Meuser,Dan,Daniel Meuser,Republican,2018,2,1964,Man,White,Christian - Roman Catholic,No,0,0,0,0,0,0,0,0,1,0,0,0,0,0,0,0,1,0,0,0
Mfume,Kweisi,,Democratic,"2020  , 1986-1996",10,1948,Man,Black,Christian - Protestant - Baptist,No,0,0,0,0,1,0,0,0,0,0,0,0,0,1,0,0,1,0,0,0
Miller,Carol,Carol Devine Miller,Republican,2018,2,1950,Woman,White,Christian - Protestant - Baptist,No,0,0,0,0,0,0,0,0,0,0,0,0,0,0,0,0,0,0,0,1
Miller,Mary,,Republican,2020,0,1959,Woman,White,Christian - Protestant,No,1,0,0,0,1,0,0,0,0,0,0,0,0,0,0,0,0,0,0,0
Miller-Meeks,Mariannette,,Republican,2020,0,1955,Woman,White,Christian - Roman Catholic,No,0,0,0,0,1,0,0,0,0,1,0,0,0,0,0,0,0,0,1,0
Moolenaar,John,,Republican,2014,6,1961,Man,White,Christian - Protestant,No,0,1,0,0,0,0,0,0,0,0,0,0,0,0,0,0,0,0,0,0
Mooney,Alex,,Republican,2014,6,1971,Man,Multiple: Hispanic - Cuban/White,Christian - Roman Catholic,No,0,0,0,0,0,0,0,1,0,0,0,0,0,0,0,0,0,0,0,0
Moore,Barry,Felix Barry Moore,Republican,2020,0,1966,Man,White,Christian - Protestant - Baptist,No,1,0,0,0,0,0,0,0,0,0,0,0,0,0,0,0,0,0,1,0
Moore,Blake,Blake Moore,Republican,2020,0,1980,Man,White,Christian - Mormon,No,0,0,1,1,0,0,0,0,0,0,0,0,1,0,0,0,0,0,0,0
Moore,Gwen,,Democratic,2004,16,1951,Woman,Black,Christian - Protestant - Baptist,No,0,0,0,0,0,0,0,0,0,0,0,0,0,0,0,1,0,0,0,1
Morelle,Joe,,Democratic,2018,2,1957,Man,White,Christian - Roman Catholic,No,0,1,0,1,0,0,0,0,0,0,0,0,0,0,1,0,0,0,0,0
Moulton,Seth,Seth Moulton,Democratic,2014,6,1978,Man,White,Christian - Protestant,No,0,0,1,1,0,0,0,0,0,0,0,0,0,0,0,0,0,1,0,0
Mrvan,Frank,,Democratic,2020,0,1969,Man,White,Christian - Roman Catholic,No,0,0,0,0,1,0,0,0,0,0,0,0,0,0,0,0,0,0,1,0
Mullin,Markwayne,,Republican,2012,8,1977,Man,Multiple: Native American - Cherokee/White,Christian - Evangelical Protestant - Pentecostal,No,0,0,0,0,0,1,0,0,0,0,0,0,0,0,0,0,0,0,0,0
Murphy,Greg,,Republican,2019,1,1963,Man,White,Christian - Roman Catholic,No,0,0,0,0,0,0,0,0,0,0,0,0,0,0,0,0,0,0,0,1
Murphy,Stephanie,,Democratic,2016,4,1978,Woman,Asian - Vietnamese,Christian - Protestant,No,0,0,1,0,0,0,0,0,0,0,0,0,0,0,0,0,0,0,0,1
Nadler,Jerry,,Democratic,1992,28,1947,Man,White,Jewish,No,0,0,0,0,0,0,0,0,0,0,1,0,0,0,0,0,0,0,0,0
Napolitano,Grace,,Democratic,1998,22,1936,Woman,Hispanic - Mexican,Christian - Roman Catholic,No,0,0,0,0,0,0,0,0,0,0,0,0,1,0,0,0,0,1,0,0
Neal,Richie,,Democratic,1988,32,1949,Man,White,Christian - Roman Catholic,No,0,0,0,0,0,0,0,0,0,0,0,0,0,0,0,0,0,0,0,1
Neguse,Joe,,Democratic,2018,2,1984,Man,Black - Eritrean,Christian - Protestant,No,0,0,0,0,0,0,0,0,0,0,1,0,1,0,1,0,0,0,0,0
Nehls,Troy,,Republican,2020,0,1968,Man,White,Christian - Protestant,No,0,0,0,0,0,0,0,0,0,0,0,0,0,0,0,0,0,1,1,0
Newhouse,Dan,,Republican,2014,6,1955,Man,White,Christian - Protestant - Presbyterian,No,0,1,0,0,0,0,0,0,0,0,0,0,0,0,0,0,0,0,0,0
Newman,Marie,Marie Newman,Democratic,2020,0,1964,Woman,White,Christian - Roman Catholic,No,0,0,0,0,0,0,0,0,0,0,0,0,0,0,0,0,1,1,0,0
Norcross,Donald,,Democratic,2014,6,1958,Man,White,Christian - Protestant - Lutheran,No,0,0,1,0,1,0,0,0,0,0,0,0,0,0,0,1,0,0,0,0
Norman,Ralph,,Republican,2017,3,1953,Man,White,Christian - Protestant - Presbyterian,No,0,0,0,0,0,0,0,0,0,1,0,0,0,1,0,0,0,0,0,0
O'Halleran,Tom,,Democratic,2016,4,1946,Man,White,Christian - Roman Catholic,No,1,0,0,0,0,1,0,0,0,0,0,0,0,0,0,0,0,0,0,0
Obernolte,Jay,,Republican,2020,0,1970,Man,White,Christian - Protestant,No,0,0,0,1,0,0,0,0,0,0,0,0,1,0,0,1,0,0,0,0
Ocasio-Cortez,Alexandria,,Democratic,2018,2,1989,Woman,Hispanic - Puerto Rican,Christian - Roman Catholic,No,0,0,0,0,0,0,0,1,0,0,0,0,0,1,0,0,0,0,0,0
Omar,Ilhan,,Democratic,2018,2,1982,Woman,Black - Somali,Muslim,No,0,0,0,0,1,0,0,0,1,0,0,0,0,0,0,0,0,0,0,0
Owens,Burgess,,Republican,2020,0,1951,Man,Black,Christian - Mormon,No,0,0,0,0,1,0,0,0,0,0,1,0,0,0,0,0,0,0,0,0
Palazzo,Steven,,Republican,2010,10,1970,Man,White,Christian - Roman Catholic,No,0,1,0,0,0,0,0,0,0,0,0,0,0,0,0,0,0,0,0,0
Pallone,Frank,Frank Pallone,Democratic,1988,32,1951,Man,White,Christian - Roman Catholic,No,0,0,0,0,0,1,0,0,0,0,0,0,0,0,0,0,0,0,0,0
Palmer,Gary,,Republican,2014,6,1954,Man,White,Christian - Protestant - Presbyterian,No,0,0,0,0,0,1,0,0,0,0,0,0,0,0,0,0,0,0,0,0
Panetta,Jimmy,,Democratic,2016,4,1969,Man,White,Christian - Roman Catholic,No,1,0,1,0,0,0,0,0,0,0,0,0,0,0,0,0,0,0,0,1
Pappas,Chris,,Democratic,2018,2,1980,Man,White,Christian - Eastern Orthodox,Gay,0,0,0,0,0,0,0,0,0,0,0,0,0,0,0,0,0,1,1,0
Pascrell,Bill,Bill Pascrell,Democratic,1996,24,1937,Man,White,Christian - Roman Catholic,No,0,0,0,0,0,0,0,0,0,0,0,0,0,0,0,0,0,0,0,1
Payne,Donald,,Democratic,2012,8,1958,Man,Black,Christian - Protestant - Baptist,No,0,0,0,0,0,0,0,0,0,1,0,0,0,0,0,0,0,1,0,0
Pelosi,Nancy,Nancy Pelosi,Democratic,1987,33,1940,Woman,White,Christian - Roman Catholic,No,0,0,0,0,0,0,0,0,0,0,0,0,0,0,0,0,0,0,0,0
Peltola,Mary,,Democratic,2022,0,1973,Woman,Native American - Yup'ik (Native Alaskan),Christian - Eastern Orthodox,No,0,0,0,0,1,0,0,0,0,0,0,0,1,0,0,0,0,0,0,0
Pence,Greg,,Republican,2018,2,1956,Man,White,Christian - Roman Catholic,No,0,0,0,0,0,1,0,0,0,0,0,0,0,0,0,0,0,0,0,0
Perlmutter,Ed,Ed Perlmutter,Democratic,2006,14,1953,Man,White,Christian - Protestant,No,0,0,0,0,0,0,0,1,0,0,0,0,0,0,1,1,0,0,0,0
Perry,Scott,,Republican,2012,8,1962,Man,White,Christian - Evangelical Protestant - United Brethren,No,0,0,0,0,0,0,0,0,1,0,0,0,0,0,0,0,0,1,0,0
Peters,Scott,,Democratic,2012,8,1958,Man,White,Christian - Protestant - Lutheran,No,0,0,0,1,0,1,0,0,0,0,0,0,0,0,0,0,1,0,0,0
Pfluger,August,August Lee Pfluger,Republican,2020,0,1978,Man,White,Christian - Protestant,No,0,0,0,0,0,0,0,0,1,1,0,0,0,0,0,0,0,0,0,0
Phillips,Dean,Dean Phillips,Democratic,2018,2,1969,Man,White,Jewish,No,0,0,0,0,0,0,1,0,1,0,0,0,0,0,0,0,1,0,0,0
Pingree,Chellie,,Democratic,2008,12,1955,Woman,White,Christian - Protestant - Lutheran,No,1,1,0,0,0,0,0,0,0,0,0,0,0,0,0,0,0,0,0,0
Pocan,Mark,,Democratic,2012,8,1964,Man,White,Unknown/Refused,Gay,0,1,0,0,1,0,0,0,0,0,0,0,0,0,0,0,0,0,0,0
Porter,Katie,,Democratic,2018,2,1974,Woman,White,Christian - Protestant - Episcopalian,No,0,0,0,0,0,0,0,0,0,0,0,0,1,1,0,0,0,0,0,0
Posey,Bill,,Republican,2008,12,1947,Man,White,Christian - Protestant - Methodist,No,0,0,0,0,0,0,0,1,0,0,0,0,0,0,0,1,0,0,0,0
Pressley,Ayanna,,Democratic,2018,2,1974,Woman,Black,Christian - Protestant - Baptist,No,0,0,0,0,0,0,0,1,0,0,0,0,0,1,0,0,0,0,0,0
Price,David,David E. Price,Democratic,"1996, 1986-1994",36,1940,Man,White,Christian - Protestant - Baptist,No,0,1,0,1,0,0,0,0,0,0,0,0,0,0,0,0,0,0,0,0
Quigley,Mike,,Democratic,2008,12,1959,Man,White,Christian - Protestant,No,0,1,0,0,0,0,0,0,0,0,0,0,0,0,0,0,0,0,0,0
Raskin,Jamie,,Democratic,2016,4,1962,Man,White,Jewish,No,0,0,0,0,0,0,0,0,0,0,1,0,0,1,1,0,0,0,0,0
Reschenthaler,Guy,,Republican,2018,2,1983,Man,White,Christian - Protestant,No,0,1,0,0,0,0,0,0,0,0,0,0,0,0,1,0,0,0,0,0
Rice,Kathleen,,Democratic,2014,6,1965,Woman,White,Christian - Roman Catholic,No,0,0,0,0,0,1,0,0,0,1,0,0,0,0,0,0,0,0,0,0
Rice,Tom,,Republican,2012,8,1957,Man,White,Christian - Protestant - Episcopalian,No,0,0,0,0,0,0,0,0,0,0,0,0,0,0,0,0,0,0,0,1
Rogers,Hal,Harold Dallas Rogers,Republican,1980,40,1937,Man,White,Christian - Protestant - Baptist,No,0,1,0,0,0,0,0,0,0,0,0,0,0,0,0,0,0,0,0,0
Rogers,Mike,,Republican,2002,18,1958,Man,White,Christian - Protestant - Baptist,No,0,0,1,0,0,0,0,0,0,0,0,0,0,0,0,0,0,0,0,0
Rose,John,,Republican,2018,2,1965,Man,White,Christian - Protestant,No,0,0,0,0,0,0,0,1,0,0,0,0,0,0,0,0,0,0,0,0
Rosendale,Matt,,Republican,2020,0,1960,Man,White,Christian - Roman Catholic,No,0,0,0,0,0,0,0,0,0,0,0,0,1,0,0,0,0,0,1,0
Ross,Deborah,Deborah K. Ross,Democratic,2020,0,1963,Woman,White,Unitarian Universalist,No,0,0,0,0,0,0,0,0,0,0,1,0,0,0,1,1,0,0,0,0
Rouzer,David,David Cheston Rouzer,Republican,2014,6,1972,Man,White,Christian - Protestant - Baptist,No,1,0,0,0,0,0,0,0,0,0,0,0,0,0,0,0,0,1,0,0
Roy,Chip,,Republican,2018,2,1972,Man,White,Christian - Protestant - Baptist,No,0,0,0,0,0,0,0,0,0,0,1,0,0,0,0,0,0,0,1,0
Roybal-Allard,Lucille,,Democratic,1992,28,1941,Woman,Hispanic - Mexican,Christian - Roman Catholic,No,0,1,0,0,0,0,0,0,0,0,0,0,0,0,0,0,0,0,0,0
Ruiz,Raul,,Democratic,2012,8,1972,Man,Hispanic - Mexican,Christian - Protestant - Seventh-Day Adventist,No,0,0,0,0,0,1,0,0,0,0,0,0,0,0,0,0,0,0,1,0
Ruppersberger,Dutch,,Democratic,2002,18,1946,Man,White,Christian - Protestant - Methodist,No,0,1,0,0,0,0,0,0,0,0,0,0,0,0,0,0,0,0,0,0
Rush,Bobby,,Democratic,1992,28,1946,Man,Black,Christian - Protestant,No,1,0,0,0,0,1,0,0,0,0,0,0,0,0,0,0,0,0,0,0
Rutherford,John,John Rutherford,Republican,2016,4,1952,Man,White,Christian - Roman Catholic,No,0,1,0,0,0,0,1,0,0,0,0,0,0,0,0,0,0,0,0,0
Ryan,Pat,,Democratic,2022,0,1982,Man,White,Christian - Roman Catholic,No,0,0,1,0,0,0,0,0,0,0,0,0,0,0,0,0,0,0,0,0
Ryan,Tim,,Democratic,2002,18,1973,Man,White,Christian - Roman Catholic,No,0,1,0,0,0,0,0,0,0,0,0,0,0,0,0,0,0,0,0,0
Salazar,María Elvira,Maria Elvira Salazar,Republican,2020,0,1961,Woman,Hispanic - Cuban,Christian - Protestant,No,0,0,0,0,0,0,0,0,1,0,0,0,0,0,0,0,1,0,0,0
Sánchez,Linda,,Democratic,2002,18,1969,Woman,Hispanic - Mexican,Christian - Roman Catholic,No,0,0,0,0,0,0,0,0,0,0,0,0,0,0,0,0,0,0,0,1
Sarbanes,John,,Democratic,2006,14,1962,Man,White,Christian - Eastern Orthodox,No,0,0,0,0,0,1,0,0,0,0,0,0,0,1,0,0,0,0,0,0
Scalise,Steve,,Republican,2008,12,1965,Man,White,Christian - Roman Catholic,No,0,0,0,0,0,1,0,0,0,0,0,0,0,0,0,0,0,0,0,0
Scanlon,Mary Gay,Mary Gay Scanlon,Democratic,2018,2,1959,Woman,White,Christian - Roman Catholic,No,0,0,0,0,0,0,0,0,0,0,1,0,0,0,1,0,0,0,0,0
Schakowsky,Jan,,Democratic,1998,22,1944,Woman,White,Jewish,No,0,0,0,1,0,1,0,0,0,0,0,0,0,0,0,0,0,0,0,0
Schiff,Adam,Adam B. Schiff,Democratic,2000,20,1960,Man,White,Jewish,No,0,0,0,0,0,0,0,0,0,0,0,0,0,0,0,0,0,0,0,0
Schneider,Brad,Bradley S. Schneider,Democratic,2016,4,1961,Man,White,Jewish,No,0,0,0,0,0,0,0,0,1,0,0,0,0,0,0,0,0,0,0,1
Schrader,Kurt,Kurt Schrader,Democratic,2008,12,1951,Man,White,Christian - Protestant - Episcopalian,No,0,0,0,0,0,1,0,0,0,0,0,0,0,0,0,0,0,0,0,0
Schrier,Kim,Kim Schrier,Democratic,2018,2,1968,Woman,White,Jewish,No,1,0,0,0,0,1,0,0,0,0,0,0,0,0,0,0,0,0,0,0
Schweikert,David,,Republican,2010,10,1962,Man,White,Christian - Roman Catholic,No,0,0,0,0,0,0,0,0,0,0,0,0,0,0,0,0,0,0,0,1
Scott,Austin,Austin Scott,Republican,2010,10,1969,Man,White,Christian - Protestant - Baptist,No,1,0,1,0,0,0,0,0,0,0,0,0,0,0,0,0,0,0,0,0
Scott,Bobby,"Robert C. ""Bobby"" Scott",Democratic,1992,28,1947,Man,Multiple: Black/Asian - Filipino,Christian - Protestant - Episcopalian,No,0,0,0,1,1,0,0,0,0,0,0,0,0,0,0,0,0,0,0,0
Scott,David,,Democratic,2002,18,1946,Man,Black,Christian - Protestant - Baptist,No,1,0,0,0,0,0,0,1,0,0,0,0,0,0,0,0,0,0,0,0
Sempolinski,Joe,,Republican,2022,0,1983,Man,White,Unknown/Refused,No,0,0,0,1,0,0,0,0,0,0,0,0,0,0,0,0,0,0,0,0
Sessions,Pete,Pete Sessions,Republican,2020,0,1955,Man,White,Christian - Protestant - Methodist,No,0,0,0,0,0,0,0,1,0,0,0,0,0,1,0,0,0,0,0,0
Sewell,Terri,,Democratic,2010,10,1965,Woman,Black,Christian - Protestant - Methodist,No,0,0,0,0,0,0,0,0,0,0,0,0,0,0,0,0,0,0,0,1
Sherman,Brad,,Democratic,1996,24,1954,Man,White,Jewish,No,0,0,0,0,0,0,0,1,1,0,0,0,0,0,0,1,0,0,0,0
Sherrill,Mikie,Mikie Sherrill,Democratic,2018,2,1972,Woman,White,Christian - Roman Catholic,No,0,0,1,0,1,0,0,0,0,0,0,0,0,0,0,1,0,0,0,0
Simpson,Mike,Michael K. Simpson,Republican,1998,22,1950,Man,White,Christian - Mormon,No,0,1,0,0,0,0,0,0,0,0,0,0,0,0,0,0,0,0,0,0
Sires,Albio,,Democratic,2006,14,1951,Man,Hispanic - Cuban,Christian - Roman Catholic,No,0,0,0,1,0,0,0,0,1,0,0,0,0,0,0,0,0,1,0,0
Slotkin,Elissa,,Democratic,2018,2,1976,Woman,White,Jewish,No,0,0,1,0,0,0,0,0,0,1,0,0,0,0,0,0,0,0,1,0
Smith,Adam,,Democratic,1996,24,1965,Man,White,Christian - Protestant - Episcopalian,No,0,0,1,0,0,0,0,0,0,0,0,0,0,0,0,0,0,0,0,0
Smith,Adrian,,Republican,2006,14,1970,Man,White,Christian - Evangelical Protestant - Free Church,No,0,0,0,0,0,0,0,0,0,0,0,0,0,0,0,0,0,0,0,1
Smith,Chris,,Republican,1980,40,1953,Man,White,Christian - Roman Catholic,No,0,0,0,0,0,0,0,0,1,0,0,0,0,0,0,0,0,0,0,0
Smith,Jason,,Republican,2013,7,1980,Man,White,Christian - Evangelical Protestant - Pentecostal,No,0,0,0,1,0,0,0,0,0,0,0,0,0,0,0,0,0,0,0,1
Smucker,Lloyd,,Republican,2016,4,1964,Man,White,Christian - Protestant - Lutheran,No,0,0,0,1,0,0,0,0,0,0,0,0,0,0,0,0,0,0,0,1
Soto,Darren,,Democratic,2016,4,1978,Man,Hispanic - Puerto Rican,Christian - Roman Catholic,No,0,0,0,0,0,1,0,0,0,0,0,0,1,0,0,0,0,0,0,0
Spanberger,Abigail,Abigail Spanberger,Democratic,2018,2,1979,Woman,White,Christian - Protestant,No,1,0,0,0,0,0,0,0,1,0,0,0,0,0,0,0,0,0,0,0
Spartz,Victoria,,Republican,2020,0,1978,Woman,White - Ukranian,Christian - Eastern Orthodox,No,0,0,0,0,1,0,0,0,0,0,1,0,0,0,0,0,0,0,0,0
Speier,Jackie,,Democratic,2008,12,1950,Woman,White,Christian - Roman Catholic,No,0,0,1,0,0,0,0,0,0,0,0,0,0,1,0,0,0,0,0,0
Stansbury,Melanie,,Democratic,2021,0,1979,Woman,White,Unknown/Refused,No,0,0,0,0,0,0,0,0,0,0,0,0,1,0,0,1,0,0,0,0
Stanton,Greg,,Democratic,2018,2,1970,Man,White,Christian - Roman Catholic,No,0,0,0,0,0,0,0,0,0,0,1,0,0,0,0,0,0,1,0,0
Stauber,Pete,,Republican,2018,2,1966,Man,White,Christian - Roman Catholic,No,0,0,0,0,0,0,0,0,0,0,0,0,1,0,0,0,1,1,0,0
Steel,Michelle,,Republican,2020,0,1955,Woman,Asian - Korean,Christian - Protestant,No,0,0,0,0,1,0,0,0,0,0,0,0,0,0,0,0,0,1,0,0
Stefanik,Elise,,Republican,2014,6,1984,Woman,White,Christian - Roman Catholic,No,0,0,1,0,1,0,0,0,0,0,0,0,0,0,0,0,0,0,0,0
Steil,Bryan,,Republican,2018,2,1981,Man,White,Christian - Roman Catholic,No,0,0,0,0,0,0,0,1,0,0,0,0,0,0,0,0,0,0,0,0
Steube,Greg,W. Gregory Steube,Republican,2018,2,1978,Man,White,Christian - Protestant - Methodist,No,0,0,0,0,0,0,0,0,1,0,1,0,0,0,0,0,0,0,0,0
Stevens,Haley,,Democratic,2018,2,1983,Woman,White,Christian - Protestant,No,0,0,0,0,1,0,0,0,0,0,0,0,0,0,0,1,0,0,0,0
Stewart,Chris,,Republican,2012,8,1960,Man,White,Christian - Mormon,No,0,1,0,0,0,0,0,0,0,0,0,0,0,0,0,0,0,0,0,0
Strickland,Marilyn,,Democratic,2020,0,1962,Woman,Multiple: Black/Asian - Korean,Christian - Protestant,No,0,0,1,0,0,0,0,0,0,0,0,0,0,0,0,0,0,1,0,0
Suozzi,Tom,Thomas Suozzi,Democratic,2016,4,1962,Man,White,Christian - Roman Catholic,No,0,0,0,0,0,0,0,0,0,0,0,0,0,0,0,0,0,0,0,1
Swalwell,Eric,,Democratic,2012,8,1980,Man,White,Christian - Protestant,No,0,0,0,0,0,0,0,0,0,1,1,0,0,0,0,0,0,0,0,0
Takano,Mark,,Democratic,2012,8,1960,Man,Asian - Japanese,Christian - Protestant - Methodist,Gay,0,0,0,0,1,0,0,0,0,0,0,0,0,0,0,0,0,0,1,0
Taylor,Van,Van Taylor,Republican,2018,2,1972,Man,White,Christian - Protestant - Episcopalian,No,0,0,0,0,0,0,0,1,0,0,0,0,0,0,0,0,0,0,0,0
Tenney,Claudia,,Republican,"2020, 2016-2018",2,1961,Woman,White,Christian - Protestant - Presbyterian,No,0,0,0,0,0,0,0,0,1,0,0,0,0,0,0,0,1,0,0,0
Thompson,Bennie,,Democratic,1993,27,1948,Man,Black,Christian - Protestant - Methodist,No,0,0,0,0,0,0,0,0,0,1,0,0,0,0,0,0,0,0,0,0
Thompson,"Glenn ""GT""",,Republican,2008,12,1959,Man,White,Christian - Protestant,No,1,0,0,0,1,0,0,0,0,0,0,0,0,0,0,0,0,0,0,0
Thompson,Mike,,Democratic,1998,22,1951,Man,White,Christian - Roman Catholic,No,0,0,0,0,0,0,0,0,0,0,0,0,0,0,0,0,0,0,0,1
Tiffany,Tom,,Republican,2020,0,1957,Man,White,Christian - Protestant,No,0,0,0,0,0,0,0,0,0,0,1,0,1,0,0,0,0,0,0,0
Timmons,William,,Republican,2018,2,1984,Man,White,Christian - Protestant - Episcopalian,No,0,0,0,0,0,0,0,1,0,0,0,0,0,0,0,0,0,0,0,0
Titus,Dina,,Democratic,"2012, 2008-2010",10,1950,Woman,White,Christian - Eastern Orthodox,No,0,0,0,0,0,0,0,0,1,1,0,0,0,0,0,0,0,1,0,0
Tlaib,Rashida,,Democratic,2018,2,1976,Woman,Middle Eastern - Palestinian,Muslim,No,0,0,0,0,0,0,0,1,0,0,0,0,1,1,0,0,0,0,0,0
Tonko,Paul,,Democratic,2008,12,1949,Man,White,Christian - Roman Catholic,No,0,0,0,0,0,1,0,0,0,0,0,0,1,0,0,1,0,0,0,0
Torres,Norma,,Democratic,2014,6,1965,Woman,Hispanic - Guatemalan,Christian - Roman Catholic,No,0,1,0,0,0,0,0,0,0,0,0,0,0,0,1,0,0,0,0,0
Torres,Ritchie,,Democratic,2020,0,1988,Man,Multiple: Black/Hispanic - Puerto Rican,Christian - Protestant,Gay,0,0,0,0,0,0,0,1,0,1,0,0,0,0,0,0,0,0,0,0
Trahan,Lori,Lori Trahan,Democratic,2018,2,1973,Woman,White - Portuguese,Christian - Roman Catholic,No,0,0,0,0,0,1,0,0,0,0,0,0,0,0,0,0,0,0,0,0
Trone,David,,Democratic,2018,2,1955,Man,White,Christian - Protestant - Lutheran,No,0,1,0,0,0,0,0,0,0,0,0,0,0,0,0,0,0,0,1,0
Turner,Mike,,Republican,2002,18,1960,Man,White,Christian - Protestant - Presbyterian,No,0,0,1,0,0,0,0,0,0,0,0,0,0,0,0,0,0,0,0,0
Underwood,Lauren,,Democratic,2018,2,1986,Woman,Black,Christian - Protestant,No,0,1,0,0,0,0,0,0,0,0,0,0,0,0,0,0,0,0,1,0
Upton,Fred,Fred Upton,Republican,1986,34,1953,Man,White,Christian - Protestant,No,0,0,0,0,0,1,0,0,0,0,0,0,0,0,0,0,0,0,0,0
Valadao,David,,Republican,"2020, 2012-2018",6,1977,Man,White - Portuguese,Christian - Roman Catholic,No,0,1,0,0,0,0,0,0,0,0,0,0,0,0,0,0,0,0,0,0
Van Drew,Jeff,,Republican,2018,2,1953,Man,White,Christian - Roman Catholic,No,0,0,0,0,0,0,0,0,0,1,0,0,0,0,0,0,0,1,0,0
Van Duyne,Beth,,Republican,2020,0,1970,Woman,White,Christian - Protestant - Episcopalian,No,0,0,0,0,0,0,0,0,0,0,0,0,0,0,0,0,1,1,0,0
Vargas,Juan,,Democratic,2012,8,1961,Man,Hispanic - Mexican,Christian - Roman Catholic,No,0,0,0,0,0,0,0,1,1,0,0,0,0,0,0,0,0,0,0,0
Veasey,Marc,,Democratic,2012,8,1971,Man,Black,Christian - Protestant - Baptist,No,0,0,1,0,0,1,0,0,0,0,0,0,0,0,0,0,0,0,0,0
Velázquez,Nydia,,Democratic,1992,28,1953,Woman,Hispanic - Puerto Rican,Christian - Roman Catholic,No,0,0,0,0,0,0,0,1,0,0,0,0,1,0,0,0,1,0,0,0
Wagner,Ann,,Republican,2012,8,1962,Woman,White,Christian - Roman Catholic,No,0,0,0,0,0,0,0,1,1,0,0,0,0,0,0,0,0,0,0,0
Walberg,Tim,,Republican,"2010, 2006-2008",12,1951,Man,White,Christian - Evangelical Protestant - United Brethren,No,0,0,0,0,1,1,0,0,0,0,0,0,0,0,0,0,0,0,0,0
Waltz,Mike,Michael Waltz,Republican,2018,2,1974,Man,White,Christian - Protestant,No,0,0,1,0,0,0,0,0,0,0,0,0,0,0,0,1,0,0,0,0
Wasserman Schultz,Debbie,Debbie Wasserman Schultz,Democratic,2004,16,1966,Woman,White,Jewish,No,0,1,0,0,0,0,0,0,0,0,0,0,0,1,0,0,0,0,0,0
Waters,Maxine,,Democratic,1990,30,1938,Woman,Black,Christian - Protestant,No,0,0,0,0,0,0,0,1,0,0,0,0,0,0,0,0,0,0,0,0
Watson Coleman,Bonnie,,Democratic,2014,6,1945,Woman,Black,Christian - Protestant - Baptist,No,0,1,0,0,0,0,0,0,0,1,0,0,0,0,0,0,0,0,0,0
Weber,Randy,,Republican,2012,8,1953,Man,White,Christian - Protestant - Baptist,No,0,0,0,0,0,0,0,0,0,0,0,0,0,0,0,1,0,1,0,0
Webster,Daniel,,Republican,2010,10,1949,Man,White,Christian - Protestant - Baptist,No,0,0,0,0,0,0,0,0,0,0,0,0,1,0,0,1,0,1,0,0
Welch,Peter,Peter Welch,Democratic,2006,14,1947,Man,White,Christian - Roman Catholic,No,0,0,0,0,0,1,0,0,0,0,0,0,0,1,0,0,0,0,0,0
Wenstrup,Brad,,Republican,2012,8,1958,Man,White,Christian - Roman Catholic,No,0,0,0,0,0,0,0,0,0,0,0,0,0,0,0,0,0,0,0,1
Westerman,Bruce,,Republican,2014,6,1967,Man,White,Christian - Protestant - Baptist,No,0,0,0,0,0,0,0,0,0,0,0,0,1,0,0,0,0,1,0,0
Wexton,Jennifer,,Democratic,2018,2,1968,Woman,White,Unknown/Refused,No,0,1,0,1,0,0,0,0,0,0,0,0,0,0,0,0,0,0,0,0
Wild,Susan,,Democratic,2018,2,1957,Woman,White,Jewish,No,0,0,0,0,1,0,1,0,1,0,0,0,0,0,0,1,0,0,0,0
Williams,Nikema,,Democratic,2020,0,1978,Woman,Black,Christian - Protestant - Methodist,No,0,0,0,0,0,0,0,1,0,0,0,0,0,0,0,0,0,1,0,0
Williams,Roger,,Republican,2012,8,1949,Man,White,Christian - Protestant - Disciples of Christ,No,0,0,0,0,0,0,0,1,0,0,0,0,0,0,0,0,1,0,0,0
Wilson,Frederica,,Democratic,2010,10,1942,Woman,Black,Christian - Protestant - Episcopalian,No,0,0,0,0,1,0,0,0,0,0,0,0,0,0,0,0,0,1,0,0
Wilson,Joe,,Republican,2001,19,1947,Man,White,Christian - Protestant - Presbyterian,No,0,0,1,0,1,0,0,0,1,0,0,0,0,0,0,0,0,0,0,0
Wittman,Rob,Robert J. Wittman,Republican,2007,13,1959,Man,White,Christian - Protestant - Episcopalian,No,0,0,1,0,0,0,0,0,0,0,0,0,1,0,0,0,0,0,0,0
Womack,Steve,,Republican,2010,10,1957,Man,White,Christian - Protestant - Baptist,No,0,1,0,0,0,0,0,0,0,0,0,0,0,0,0,0,0,0,0,0
Yarmuth,John,John A. Yarmuth,Democratic,2006,14,1947,Man,White,Jewish,,0,0,0,1,0,0,0,0,0,0,0,0,0,0,0,0,0,0,0,0
Zeldin,Lee,,Republican,2014,6,1980,Man,White,Jewish,No,0,0,0,0,0,0,0,1,1,0,0,0,0,0,0,0,0,0,0,0