State,District,Name,Party,Congress_Number
Alabama,1,Jo Bonner,2014,113
Alabama,2,Martha Roby,(R),113
Alabama,3,Mike Rogers,(R),113
Alabama,4,Robert Aderholt,(R),113
Alabama,5,Mo Brooks,(R),113
Alabama,6,Spencer Bachus,(R),113
Alabama,7,Terri Sewell,(D),113
Alaska,At-large,Don Young,(R),113
Arizona,1,Ann Kirkpatrick,(D),113
Arizona,2,Ron Barber,(D),113
Arizona,3,Raúl Grijalva,(D),113
Arizona,4,Paul Gosar,(R),113
Arizona,5,Matt Salmon,(R),113
Arizona,6,David Schweikert,(R),113
Arizona,7,Ed Pastor,(D),113
Arizona,8,Trent Franks,(R),113
Arizona,9,Kyrsten Sinema,(D),113
Arkansas,1,Rick Crawford,(R),113
Arkansas,2,Tim Griffin,(R),113
Arkansas,3,Steve Womack,(R),113
Arkansas,4,Tom Cotton,(R),113
California,1,Doug LaMalfa,(R),113
California,2,Jared Huffman,(D),113
California,3,John Garamendi,(D),113
California,4,Tom McClintock,(R),113
California,5,Mike Thompson,(D),113
California,6,Doris Matsui,(D),113
California,7,Ami Bera,(D),113
California,8,Paul Cook,(R),113
California,9,Jerry McNerney,(D),113
California,10,Jeff Denham,(R),113
California,11,George Miller,(D),113
California,12,Nancy Pelosi,(D),113
California,13,Barbara Lee,(D),113
California,14,Jackie Speier,(D),113
California,15,Eric Swalwell,(D),113
California,16,Jim Costa,(D),113
California,17,Mike Honda,(D),113
California,18,Anna Eshoo,(D),113
California,19,Zoe Lofgren,(D),113
California,20,Sam Farr,(D),113
California,21,David Valadao,(R),113
California,22,Devin Nunes,(R),113
California,23,Kevin McCarthy,(R),113
California,24,Lois Capps,(D),113
California,25,Buck McKeon,(R),113
California,26,Julia Brownley,(D),113
California,27,Judy Chu,(D),113
California,28,Adam Schiff,(D),113
California,29,Tony Cardenas,(D),113
California,30,Brad Sherman,(D),113
California,31,Gary Miller,(R),113
California,32,Grace Napolitano,(D),113
California,33,Henry Waxman,(D),113
California,34,Xavier Becerra,(D),113
California,35,Gloria Negrete McLeod,(D),113
California,36,Raul Ruiz,(D),113
California,37,Karen Bass,(D),113
California,38,Linda Sanchez,(D),113
California,39,Ed Royce,(R),113
California,40,Lucille Roybal-Allard,(D),113
California,41,Mark Takano,(D),113
California,42,Ken Calvert,(R),113
California,43,Maxine Waters,(D),113
California,44,Janice Hahn,(D),113
California,45,John Campbell,(R),113
California,46,Loretta Sanchez,(D),113
California,47,Alan Lowenthal,(D),113
California,48,Dana Rohrabacher,(R),113
California,49,Darrell Issa,(R),113
California,50,Duncan D. Hunter,(R),113
California,51,Juan Vargas,(D),113
California,52,Scott Peters,(D),113
California,53,Susan Davis,(D),113
Colorado,1,Diana DeGette,(D),113
Colorado,2,Jared Polis,(D),113
Colorado,3,Scott Tipton,(R),113
Colorado,4,Cory Gardner,(R),113
Colorado,5,Doug Lamborn,(R),113
Colorado,6,Mike Coffman,(R),113
Colorado,7,Ed Perlmutter,(D),113
Connecticut,1,John Larson,(D),113
Connecticut,2,Joe Courtney,(D),113
Connecticut,3,Rosa DeLauro,(D),113
Connecticut,4,Jim Himes,(D),113
Connecticut,5,Elizabeth Esty,(D),113
Delaware,At-large,John Carney,(D),113
Florida,1,Jeff Miller,(R),113
Florida,2,Steve Southerland,(R),113
Florida,3,Ted Yoho,(R),113
Florida,4,Ander Crenshaw,(R),113
Florida,5,Corrine Brown,(D),113
Florida,6,Ron DeSantis,(R),113
Florida,7,John Mica,(R),113
Florida,8,Bill Posey,(R),113
Florida,9,Alan Grayson,(D),113
Florida,10,Daniel Webster,(R),113
Florida,11,Rich Nugent,(R),113
Florida,12,Gus Bilirakis,(R),113
Florida,13,Bill Young,2014,113
Florida,14,Kathy Castor,(D),113
Florida,15,Dennis Ross,(R),113
Florida,16,Vern Buchanan,(R),113
Florida,17,Tom Rooney,(R),113
Florida,18,Patrick Murphy,(D),113
Florida,19,Trey Radel,2014,113
Florida,20,Alcee Hastings,(D),113
Florida,21,Ted Deutch,(D),113
Florida,22,Lois Frankel,(D),113
Florida,23,Debbie Wasserman Schultz,(D),113
Florida,24,Frederica Wilson,(D),113
Florida,25,Mario Diaz-Balart,(R),113
Florida,26,Joe Garcia,(D),113
Florida,27,Ileana Ros-Lehtinen,(R),113
Georgia,1,Jack Kingston,(R),113
Georgia,2,Sanford Bishop,(D),113
Georgia,3,Lynn Westmoreland,(R),113
Georgia,4,Hank Johnson,(D),113
Georgia,5,John Lewis,(D),113
Georgia,6,Tom Price,(R),113
Georgia,7,Rob Woodall,(R),113
Georgia,8,Austin Scott,(R),113
Georgia,9,Doug Collins,(R),113
Georgia,10,Paul Broun,(R),113
Georgia,11,Phil Gingrey,(R),113
Georgia,12,John Barrow,(D),113
Georgia,13,David Scott,(D),113
Georgia,14,Tom Graves,(R),113
Hawaii,1,Colleen Hanabusa,(D),113
Hawaii,2,Tulsi Gabbard,(D),113
Idaho,1,Raul Labrador,(R),113
Idaho,2,Mike Simpson,(R),113
Illinois,1,Bobby Rush,(D),113
Illinois,2,Robin Kelly,2013,113
Illinois,3,Dan Lipinski,(D),113
Illinois,4,Luis Gutiérrez,(D),113
Illinois,5,Mike Quigley,(D),113
Illinois,6,Peter Roskam,(R),113
Illinois,7,Danny K. Davis,(D),113
Illinois,8,Tammy Duckworth,(D),113
Illinois,9,Jan Schakowsky,(D),113
Illinois,10,Brad Schneider,(D),113
Illinois,11,Bill Foster,(D),113
Illinois,12,William Enyart,(D),113
Illinois,13,Rodney L. Davis,(R),113
Illinois,14,Randy Hultgren,(R),113
Illinois,15,John Shimkus,(R),113
Illinois,16,Adam Kinzinger,(R),113
Illinois,17,Cheri Bustos,(D),113
Illinois,18,Aaron Schock,(R),113
Indiana,1,Pete Visclosky,(D),113
Indiana,2,Jackie Walorski,(R),113
Indiana,3,Marlin Stutzman,(R),113
Indiana,4,Todd Rokita,(R),113
Indiana,5,Susan Brooks,(R),113
Indiana,6,Luke Messer,(R),113
Indiana,7,André Carson,(D),113
Indiana,8,Larry Bucshon,(R),113
Indiana,9,Todd Young,(R),113
Iowa,1,Bruce Braley,(D),113
Iowa,2,David Loebsack,(D),113
Iowa,3,Tom Latham,(R),113
Iowa,4,Steve King,(R),113
Kansas,1,Tim Huelskamp,(R),113
Kansas,2,Lynn Jenkins,(R),113
Kansas,3,Kevin Yoder,(R),113
Kansas,4,Mike Pompeo,(R),113
Kentucky,1,Ed Whitfield,(R),113
Kentucky,2,Brett Guthrie,(R),113
Kentucky,3,John Yarmuth,(D),113
Kentucky,4,Thomas Massie,(R),113
Kentucky,5,Hal Rogers,(R),113
Kentucky,6,Andy Barr,(R),113
Louisiana,1,Steve Scalise,(R),113
Louisiana,2,Cedric Richmond,(D),113
Louisiana,3,Charles Boustany,(R),113
Louisiana,4,John Fleming,(R),113
Louisiana,5,Rodney Alexander,2013,113
Louisiana,6,Bill Cassidy,(R),113
Maine,1,Chellie Pingree,(D),113
Maine,2,Mike Michaud,(D),113
Maryland,1,Andrew Harris,(R),113
Maryland,2,Dutch Ruppersberger,(D),113
Maryland,3,John Sarbanes,(D),113
Maryland,4,Donna Edwards,(D),113
Maryland,5,Steny Hoyer,(D),113
Maryland,6,John Delaney,(D),113
Maryland,7,Elijah Cummings,(D),113
Maryland,8,Chris Van Hollen,(D),113
Massachusetts,1,Richard Neal,(D),113
Massachusetts,2,Jim McGovern,(D),113
Massachusetts,3,Niki Tsongas,(D),113
Massachusetts,4,Joseph P. Kennedy III,(D),113
Massachusetts,5,Ed Markey,2013,113
Massachusetts,6,John Tierney,(D),113
Massachusetts,7,Mike Capuano,(D),113
Massachusetts,8,Stephen Lynch,(D),113
Massachusetts,9,Bill Keating,(D),113
Michigan,1,Dan Benishek,(R),113
Michigan,2,Bill Huizenga,(R),113
Michigan,3,Justin Amash,(R),113
Michigan,4,Dave Camp,(R),113
Michigan,5,Dan Kildee,(D),113
Michigan,6,Fred Upton,(R),113
Michigan,7,Tim Walberg,(R),113
Michigan,8,Mike Rogers,(R),113
Michigan,9,Sander Levin,(D),113
Michigan,10,Candice Miller,(R),113
Michigan,11,Kerry Bentivolio,(R),113
Michigan,12,John Dingell,(D),113
Michigan,13,John Conyers,(D),113
Michigan,14,Gary Peters,(D),113
Minnesota,1,Tim Walz,(DFL)[n],113
Minnesota,2,John Kline,(R),113
Minnesota,3,Erik Paulsen,(R),113
Minnesota,4,Betty McCollum,(DFL)[n],113
Minnesota,5,Keith Ellison,(DFL)[n],113
Minnesota,6,Michele Bachmann,(R),113
Minnesota,7,Collin Peterson,(DFL)[n],113
Minnesota,8,Rick Nolan,(DFL)[n],113
Mississippi,1,Alan Nunnelee,(R),113
Mississippi,2,Bennie Thompson,(D),113
Mississippi,3,Gregg Harper,(R),113
Mississippi,4,Steven Palazzo,(R),113
Missouri,1,Lacy Clay,(D),113
Missouri,2,Ann Wagner,(R),113
Missouri,3,Blaine Luetkemeyer,(R),113
Missouri,4,Vicky Hartzler,(R),113
Missouri,5,Emanuel Cleaver,(D),113
Missouri,6,Sam Graves,(R),113
Missouri,7,Billy Long,(R),113
Missouri,8,Jo Ann Emerson,2013,113
Montana,At-large,Steve Daines,(R),113
Nebraska,1,Jeff Fortenberry,(R),113
Nebraska,2,Lee Terry,(R),113
Nebraska,3,Adrian M. Smith,(R),113
Nevada,1,Dina Titus,(D),113
Nevada,2,Mark Amodei,(R),113
Nevada,3,Joe Heck,(R),113
Nevada,4,Steven Horsford,(D),113
New Hampshire,1,Carol Shea-Porter,(D),113
New Hampshire,2,Annie Kuster,(D),113
New Jersey,1,Rob Andrews,2014,113
New Jersey,2,Frank LoBiondo,(R),113
New Jersey,3,Jon Runyan,(R),113
New Jersey,4,Chris Smith,(R),113
New Jersey,5,Scott Garrett,(R),113
New Jersey,6,Frank Pallone,(D),113
New Jersey,7,Leonard Lance,(R),113
New Jersey,8,Albio Sires,(D),113
New Jersey,9,Bill Pascrell,(D),113
New Jersey,10,Donald Payne Jr.,(D),113
New Jersey,11,Rodney Frelinghuysen,(R),113
New Jersey,12,Rush Holt Jr.,(D),113
New Mexico,1,Michelle Lujan Grisham,(D),113
New Mexico,2,Steve Pearce,(R),113
New Mexico,3,Ben Ray Luján,(D),113
New York,1,Tim Bishop,(D),113
New York,2,Peter King,(R),113
New York,3,Steve Israel,(D),113
New York,4,Carolyn McCarthy,(D),113
New York,5,Gregory Meeks,(D),113
New York,6,Grace Meng,(D),113
New York,7,Nydia Velazquez,(D),113
New York,8,Hakeem Jeffries,(D),113
New York,9,Yvette Clarke,(D),113
New York,10,Jerry Nadler,(D),113
New York,11,Michael Grimm,(R),113
New York,12,Carolyn Maloney,(D),113
New York,13,Charles Rangel,(D),113
New York,14,Joe Crowley,(D),113
New York,15,Jose E. Serrano,(D),113
New York,16,Eliot Engel,(D),113
New York,17,Nita Lowey,(D),113
New York,18,Sean Patrick Maloney,(D),113
New York,19,Chris Gibson,(R),113
New York,20,Paul Tonko,(D),113
New York,21,Bill Owens,(D),113
New York,22,Richard Hanna,(R),113
New York,23,Thomas Reed,(R),113
New York,24,Daniel Maffei,(D),113
New York,25,Louise Slaughter,(D),113
New York,26,Brian Higgins,(D),113
New York,27,Chris Collins,(R),113
North Carolina,1,G. K. Butterfield,(D),113
North Carolina,2,Renee Ellmers,(R),113
North Carolina,3,Walter B. Jones Jr.,(R),113
North Carolina,4,David Price,(D),113
North Carolina,5,Virginia Foxx,(R),113
North Carolina,6,Howard Coble,(R),113
North Carolina,7,Mike McIntyre,(D),113
North Carolina,8,Richard Hudson,(R),113
North Carolina,9,Robert Pittenger,(R),113
North Carolina,10,Patrick McHenry,(R),113
North Carolina,11,Mark Meadows,(R),113
North Carolina,12,Mel Watt,2014,113
North Carolina,13,George Holding,(R),113
North Dakota,At-large,Kevin Cramer,(R),113
Ohio,1,Steve Chabot,(R),113
Ohio,2,Brad Wenstrup,(R),113
Ohio,3,Joyce Beatty,(D),113
Ohio,4,Jim Jordan,(R),113
Ohio,5,Bob Latta,(R),113
Ohio,6,Bill Johnson,(R),113
Ohio,7,Bob Gibbs,(R),113
Ohio,8,John Boehner,(R),113
Ohio,9,Marcy Kaptur,(D),113
Ohio,10,Mike Turner,(R),113
Ohio,11,Marcia Fudge,(D),113
Ohio,12,Pat Tiberi,(R),113
Ohio,13,Tim Ryan,(D),113
Ohio,14,David Joyce,(R),113
Ohio,15,Steve Stivers,(R),113
Ohio,16,Jim Renacci,(R),113
Oklahoma,1,Jim Bridenstine,(R),113
Oklahoma,2,Markwayne Mullin,(R),113
Oklahoma,3,Frank Lucas,(R),113
Oklahoma,4,Tom Cole,(R),113
Oklahoma,5,James Lankford,(R),113
Oregon,1,Suzanne Bonamici,(D),113
Oregon,2,Greg Walden,(R),113
Oregon,3,Earl Blumenauer,(D),113
Oregon,4,Peter DeFazio,(D),113
Oregon,5,Kurt Schrader,(D),113
Pennsylvania,1,Bob Brady,(D),113
Pennsylvania,2,Chaka Fattah,(D),113
Pennsylvania,3,Mike Kelly,(R),113
Pennsylvania,4,Scott Perry,(R),113
Pennsylvania,5,Glenn Thompson,(R),113
Pennsylvania,6,Jim Gerlach,(R),113
Pennsylvania,7,Pat Meehan,(R),113
Pennsylvania,8,Mike Fitzpatrick,(R),113
Pennsylvania,9,Bill Shuster,(R),113
Pennsylvania,10,Tom Marino,(R),113
Pennsylvania,11,Lou Barletta,(R),113
Pennsylvania,12,Keith Rothfus,(R),113
Pennsylvania,13,Allyson Schwartz,(D),113
Pennsylvania,14,Mike Doyle,(D),113
Pennsylvania,15,Charlie Dent,(R),113
Pennsylvania,16,Joe Pitts,(R),113
Pennsylvania,17,Matt Cartwright,(D),113
Pennsylvania,18,Tim Murphy,(R),113
Rhode Island,1,David Cicilline,(D),113
Rhode Island,2,James Langevin,(D),113
South Carolina,1,Mark Sanford,2013,113
South Carolina,2,Joe Wilson,(R),113
South Carolina,3,Jeff Duncan,(R),113
South Carolina,4,Trey Gowdy,(R),113
South Carolina,5,Mick Mulvaney,(R),113
South Carolina,6,Jim Clyburn,(D),113
South Carolina,7,Tom Rice,(R),113
South Dakota,At-large,Kristi Noem,(R),113
Tennessee,1,Phil Roe,(R),113
Tennessee,2,Jimmy Duncan,(R),113
Tennessee,3,Chuck Fleischmann,(R),113
Tennessee,4,Scott DesJarlais,(R),113
Tennessee,5,Jim Cooper,(D),113
Tennessee,6,Diane Black,(R),113
Tennessee,7,Marsha Blackburn,(R),113
Tennessee,8,Stephen Fincher,(R),113
Tennessee,9,Steve Cohen,(D),113
Texas,1,Louie Gohmert,(R),113
Texas,2,Ted Poe,(R),113
Texas,3,Sam Johnson,(R),113
Texas,4,Ralph Hall,(R),113
Texas,5,Jeb Hensarling,(R),113
Texas,6,Joe Barton,(R),113
Texas,7,John Culberson,(R),113
Texas,8,Kevin Brady,(R),113
Texas,9,Al Green,(D),113
Texas,10,Michael McCaul,(R),113
Texas,11,Mike Conaway,(R),113
Texas,12,Kay Granger,(R),113
Texas,13,Mac Thornberry,(R),113
Texas,14,Randy Weber,(R),113
Texas,15,Ruben Hinojosa,(D),113
Texas,16,Beto O'Rourke,(D),113
Texas,17,Bill Flores,(R),113
Texas,18,Sheila Jackson Lee,(D),113
Texas,19,Randy Neugebauer,(R),113
Texas,20,Joaquin Castro,(D),113
Texas,21,Lamar S. Smith,(R),113
Texas,22,Pete Olson,(R),113
Texas,23,Pete Gallego,(D),113
Texas,24,Kenny Marchant,(R),113
Texas,25,Roger Williams,(R),113
Texas,26,Michael C. Burgess,(R),113
Texas,27,Blake Farenthold,(R),113
Texas,28,Henry Cuellar,(D),113
Texas,29,Gene Green,(D),113
Texas,30,Eddie Bernice Johnson,(D),113
Texas,31,John Carter,(R),113
Texas,32,Pete Sessions,(R),113
Texas,33,Marc Veasey,(D),113
Texas,34,Filemon Vela,(D),113
Texas,35,Lloyd Doggett,(D),113
Texas,36,Steve Stockman,(R),113
Utah,1,Rob Bishop,(R),113
Utah,2,Chris Stewart,(R),113
Utah,3,Jason Chaffetz,(R),113
Utah,4,Jim Matheson,(D),113
Vermont,At-large,Peter Welch,(D),113
Virginia,1,Rob Wittman,(R),113
Virginia,2,Scott Rigell,(R),113
Virginia,3,Bobby Scott,(D),113
Virginia,4,Randy Forbes,(R),113
Virginia,5,Robert Hurt,(R),113
Virginia,6,Bob Goodlatte,(R),113
Virginia,7,Eric Cantor,2014,113
Virginia,8,Jim Moran,(D),113
Virginia,9,Morgan Griffith,(R),113
Virginia,10,Frank Wolf,(R),113
Virginia,11,Gerry Connolly,(D),113
Washington,1,Suzan DelBene,(D),113
Washington,2,Rick Larsen,(D),113
Washington,3,Jaime Herrera Beutler,(R),113
Washington,4,Doc Hastings,(R),113
Washington,5,Cathy McMorris Rodgers,(R),113
Washington,6,Derek Kilmer,(D),113
Washington,7,Jim McDermott,(D),113
Washington,8,Dave Reichert,(R),113
Washington,9,Adam Smith,(D),113
Washington,10,Dennis Heck,(D),113
West Virginia,1,David McKinley,(R),113
West Virginia,2,Shelley Moore Capito,(R),113
West Virginia,3,Nick Rahall,(D),113
Wisconsin,1,Paul Ryan,(R),113
Wisconsin,2,Mark Pocan,(D),113
Wisconsin,3,Ron Kind,(D),113
Wisconsin,4,Gwen Moore,(D),113
Wisconsin,5,Jim Sensenbrenner,(R),113
Wisconsin,6,Tom Petri,(R),113
Wisconsin,7,Sean Duffy,(R),113
Wisconsin,8,Reid Ribble,(R),113
Wyoming,At-large,Cynthia Lummis,(R),113
Non-voting members,American Samoa,Eni Faleomavaega,(D),113
Non-voting members,District of Columbia,Eleanor Holmes Norton,(D),113
Non-voting members,Guam,Madeleine Z. Bordallo,(D),113
Non-voting members,Northern Mariana Islands,Gregorio Sablan,(D),113
Non-voting members,Puerto Rico,Pedro Pierluisi,(D/PNP)[21],113
Non-voting members,Virgin Islands,Donna Christian-Christensen,(D),113
Alabama,1,Bradley Byrne,(R),114
Alabama,2,Martha Roby,(R),114
Alabama,3,Mike Rogers,(R),114
Alabama,4,Robert Aderholt,(R),114
Alabama,5,Mo Brooks,(R),114
Alabama,6,Gary Palmer,(R),114
Alabama,7,Terri Sewell,(D),114
Alaska,At-large,Don Young,(R),114
Arizona,1,Ann Kirkpatrick,(D),114
Arizona,2,Martha McSally,(R),114
Arizona,3,Raúl Grijalva,(D),114
Arizona,4,Paul Gosar,(R),114
Arizona,5,Matt Salmon,(R),114
Arizona,6,David Schweikert,(R),114
Arizona,7,Ruben Gallego,(D),114
Arizona,8,Trent Franks,(R),114
Arizona,9,Kyrsten Sinema,(D),114
Arkansas,1,Rick Crawford,(R),114
Arkansas,2,French Hill,(R),114
Arkansas,3,Steve Womack,(R),114
Arkansas,4,Bruce Westerman,(R),114
California,1,Doug LaMalfa,(R),114
California,2,Jared Huffman,(D),114
California,3,John Garamendi,(D),114
California,4,Tom McClintock,(R),114
California,5,Mike Thompson,(D),114
California,6,Doris Matsui,(D),114
California,7,Ami Bera,(D),114
California,8,Paul Cook,(R),114
California,9,Jerry McNerney,(D),114
California,10,Jeff Denham,(R),114
California,11,Mark DeSaulnier,(D),114
California,12,Nancy Pelosi,(D),114
California,13,Barbara Lee,(D),114
California,14,Jackie Speier,(D),114
California,15,Eric Swalwell,(D),114
California,16,Jim Costa,(D),114
California,17,Mike Honda,(D),114
California,18,Anna Eshoo,(D),114
California,19,Zoe Lofgren,(D),114
California,20,Sam Farr,(D),114
California,21,David Valadao,(R),114
California,22,Devin Nunes,(R),114
California,23,Kevin McCarthy,(R),114
California,24,Lois Capps,(D),114
California,25,Steve Knight,(R),114
California,26,Julia Brownley,(D),114
California,27,Judy Chu,(D),114
California,28,Adam Schiff,(D),114
California,29,Tony Cardenas,(D),114
California,30,Brad Sherman,(D),114
California,31,Pete Aguilar,(D),114
California,32,Grace Napolitano,(D),114
California,33,Ted Lieu,(D),114
California,34,Xavier Becerra,(D),114
California,35,Norma Torres,(D),114
California,36,Raul Ruiz,(D),114
California,37,Karen Bass,(D),114
California,38,Linda Sánchez,(D),114
California,39,Ed Royce,(R),114
California,40,Lucille Roybal-Allard,(D),114
California,41,Mark Takano,(D),114
California,42,Ken Calvert,(R),114
California,43,Maxine Waters,(D),114
California,44,Janice Hahn,Vacant,114
California,45,Mimi Walters,(R),114
California,46,Loretta Sanchez,(D),114
California,47,Alan Lowenthal,(D),114
California,48,Dana Rohrabacher,(R),114
California,49,Darrell Issa,(R),114
California,50,Duncan D. Hunter,(R),114
California,51,Juan Vargas,(D),114
California,52,Scott Peters,(D),114
California,53,Susan Davis,(D),114
Colorado,1,Diana DeGette,(D),114
Colorado,2,Jared Polis,(D),114
Colorado,3,Scott Tipton,(R),114
Colorado,4,Ken Buck,(R),114
Colorado,5,Doug Lamborn,(R),114
Colorado,6,Mike Coffman,(R),114
Colorado,7,Ed Perlmutter,(D),114
Connecticut,1,John Larson,(D),114
Connecticut,2,Joe Courtney,(D),114
Connecticut,3,Rosa DeLauro,(D),114
Connecticut,4,Jim Himes,(D),114
Connecticut,5,Elizabeth Esty,(D),114
Delaware,At-large,John Carney,(D),114
Florida,1,Jeff Miller,(R),114
Florida,2,Gwen Graham,(D),114
Florida,3,Ted Yoho,(R),114
Florida,4,Ander Crenshaw,(R),114
Florida,5,Corrine Brown,(D),114
Florida,6,Ron DeSantis,(R),114
Florida,7,John Mica,(R),114
Florida,8,Bill Posey,(R),114
Florida,9,Alan Grayson,(D),114
Florida,10,Daniel Webster,(R),114
Florida,11,Rich Nugent,(R),114
Florida,12,Gus Bilirakis,(R),114
Florida,13,David Jolly,(R),114
Florida,14,Kathy Castor,(D),114
Florida,15,Dennis Ross,(R),114
Florida,16,Vern Buchanan,(R),114
Florida,17,Tom Rooney,(R),114
Florida,18,Patrick Murphy,(D),114
Florida,19,Curt Clawson,(R),114
Florida,20,Alcee Hastings,(D),114
Florida,21,Ted Deutch,(D),114
Florida,22,Lois Frankel,(D),114
Florida,23,Debbie Wasserman Schultz,(D),114
Florida,24,Frederica Wilson,(D),114
Florida,25,Mario Díaz-Balart,(R),114
Florida,26,Carlos Curbelo,(R),114
Florida,27,Ileana Ros-Lehtinen,(R),114
Georgia,1,Buddy Carter,(R),114
Georgia,2,Sanford Bishop,(D),114
Georgia,3,Lynn Westmoreland,(R),114
Georgia,4,Hank Johnson,(D),114
Georgia,5,John Lewis,(D),114
Georgia,6,Tom Price,(R),114
Georgia,7,Rob Woodall,(R),114
Georgia,8,Austin Scott,(R),114
Georgia,9,Doug Collins,(R),114
Georgia,10,Jody Hice,(R),114
Georgia,11,Barry Loudermilk,(R),114
Georgia,12,Rick Allen,(R),114
Georgia,13,David Scott,(D),114
Georgia,14,Tom Graves,(R),114
Hawaii,1,Mark Takai,2016,114
Hawaii,2,Tulsi Gabbard,(D),114
Idaho,1,Raul Labrador,(R),114
Idaho,2,Mike Simpson,(R),114
Illinois,1,Bobby Rush,(D),114
Illinois,2,Robin Kelly,(D),114
Illinois,3,Dan Lipinski,(D),114
Illinois,4,Luis Gutiérrez,(D),114
Illinois,5,Mike Quigley,(D),114
Illinois,6,Peter Roskam,(R),114
Illinois,7,Danny Davis,(D),114
Illinois,8,Tammy Duckworth,(D),114
Illinois,9,Jan Schakowsky,(D),114
Illinois,10,Bob Dold,(R),114
Illinois,11,Bill Foster,(D),114
Illinois,12,Mike Bost,(R),114
Illinois,13,Rodney Davis,(R),114
Illinois,14,Randy Hultgren,(R),114
Illinois,15,John Shimkus,(R),114
Illinois,16,Adam Kinzinger,(R),114
Illinois,17,Cheri Bustos,(D),114
Illinois,18,Aaron Schock,2015,114
Indiana,1,Pete Visclosky,(D),114
Indiana,2,Jackie Walorski,(R),114
Indiana,3,Marlin Stutzman,(R),114
Indiana,4,Todd Rokita,(R),114
Indiana,5,Susan Brooks,(R),114
Indiana,6,Luke Messer,(R),114
Indiana,7,André Carson,(D),114
Indiana,8,Larry Bucshon,(R),114
Indiana,9,Todd Young,(R),114
Iowa,1,Rod Blum,(R),114
Iowa,2,David Loebsack,(D),114
Iowa,3,David Young,(R),114
Iowa,4,Steve King,(R),114
Kansas,1,Tim Huelskamp,(R),114
Kansas,2,Lynn Jenkins,(R),114
Kansas,3,Kevin Yoder,(R),114
Kansas,4,Mike Pompeo,(R),114
Kentucky,1,Ed Whitfield,2016,114
Kentucky,2,Brett Guthrie,(R),114
Kentucky,3,John Yarmuth,(D),114
Kentucky,4,Thomas Massie,(R),114
Kentucky,5,Hal Rogers,(R),114
Kentucky,6,Andy Barr,(R),114
Louisiana,1,Steve Scalise,(R),114
Louisiana,2,Cedric Richmond,(D),114
Louisiana,3,Charles Boustany,(R),114
Louisiana,4,John Fleming,(R),114
Louisiana,5,Ralph Abraham,(R),114
Louisiana,6,Garret Graves,(R),114
Maine,1,Chellie Pingree,(D),114
Maine,2,Bruce Poliquin,(R),114
Maryland,1,Andy Harris,(R),114
Maryland,2,Dutch Ruppersberger,(D),114
Maryland,3,John Sarbanes,(D),114
Maryland,4,Donna Edwards,(D),114
Maryland,5,Steny Hoyer,(D),114
Maryland,6,John Delaney,(D),114
Maryland,7,Elijah Cummings,(D),114
Maryland,8,Chris Van Hollen,(D),114
Massachusetts,1,Richard Neal,(D),114
Massachusetts,2,Jim McGovern,(D),114
Massachusetts,3,Niki Tsongas,(D),114
Massachusetts,4,Joe Kennedy,(D),114
Massachusetts,5,Katherine Clark,(D),114
Massachusetts,6,Seth Moulton,(D),114
Massachusetts,7,Mike Capuano,(D),114
Massachusetts,8,Stephen Lynch,(D),114
Massachusetts,9,Bill Keating,(D),114
Michigan,1,Dan Benishek,(R),114
Michigan,2,Bill Huizenga,(R),114
Michigan,3,Justin Amash,(R),114
Michigan,4,John Moolenaar,(R),114
Michigan,5,Dan Kildee,(D),114
Michigan,6,Fred Upton,(R),114
Michigan,7,Tim Walberg,(R),114
Michigan,8,Mike Bishop,(R),114
Michigan,9,Sander Levin,(D),114
Michigan,10,Candice Miller,Vacant,114
Michigan,11,Dave Trott,(R),114
Michigan,12,Debbie Dingell,(D),114
Michigan,13,John Conyers,(D),114
Michigan,14,Brenda Lawrence,(D),114
Minnesota,1,Tim Walz,(DFL)[k],114
Minnesota,2,John Kline,(R),114
Minnesota,3,Erik Paulsen,(R),114
Minnesota,4,Betty McCollum,(DFL)[k],114
Minnesota,5,Keith Ellison,(DFL)[k],114
Minnesota,6,Tom Emmer,(R),114
Minnesota,7,Collin Peterson,(DFL)[k],114
Minnesota,8,Rick Nolan,(DFL)[k],114
Mississippi,1,Alan Nunnelee,2015,114
Mississippi,2,Bennie Thompson,(D),114
Mississippi,3,Gregg Harper,(R),114
Mississippi,4,Steven Palazzo,(R),114
Missouri,1,Lacy Clay,(D),114
Missouri,2,Ann Wagner,(R),114
Missouri,3,Blaine Luetkemeyer,(R),114
Missouri,4,Vicky Hartzler,(R),114
Missouri,5,Emanuel Cleaver,(D),114
Missouri,6,Sam Graves,(R),114
Missouri,7,Billy Long,(R),114
Missouri,8,Jason Smith,(R),114
Montana,At-large,Ryan Zinke,(R),114
Nebraska,1,Jeff Fortenberry,(R),114
Nebraska,2,Brad Ashford,(D),114
Nebraska,3,Adrian Smith,(R),114
Nevada,1,Dina Titus,(D),114
Nevada,2,Mark Amodei,(R),114
Nevada,3,Joe Heck,(R),114
Nevada,4,Cresent Hardy,(R),114
New Hampshire,1,Frank Guinta,(R),114
New Hampshire,2,Annie Kuster,(D),114
New Jersey,1,Donald Norcross,(D),114
New Jersey,2,Frank LoBiondo,(R),114
New Jersey,3,Tom MacArthur,(R),114
New Jersey,4,Chris Smith,(R),114
New Jersey,5,Scott Garrett,(R),114
New Jersey,6,Frank Pallone,(D),114
New Jersey,7,Leonard Lance,(R),114
New Jersey,8,Albio Sires,(D),114
New Jersey,9,Bill Pascrell,(D),114
New Jersey,10,Donald Payne Jr.,(D),114
New Jersey,11,Rodney Frelinghuysen,(R),114
New Jersey,12,Bonnie Watson Coleman,(D),114
New Mexico,1,Michelle Lujan Grisham,(D),114
New Mexico,2,Steve Pearce,(R),114
New Mexico,3,Ben Ray Luján,(D),114
New York,1,Lee Zeldin,(R),114
New York,2,Peter King,(R),114
New York,3,Steve Israel,(D),114
New York,4,Kathleen Rice,(D),114
New York,5,Gregory Meeks,(D),114
New York,6,Grace Meng,(D),114
New York,7,Nydia Velázquez,(D),114
New York,8,Hakeem Jeffries,(D),114
New York,9,Yvette Clarke,(D),114
New York,10,Jerrold Nadler,(D),114
New York,11,Dan Donovan,2015,114
New York,12,Carolyn Maloney,(D),114
New York,13,Charles Rangel,(D),114
New York,14,Joseph Crowley,(D),114
New York,15,José E. Serrano,(D),114
New York,16,Eliot Engel,(D),114
New York,17,Nita Lowey,(D),114
New York,18,Sean Patrick Maloney,(D),114
New York,19,Chris Gibson,(R),114
New York,20,Paul Tonko,(D),114
New York,21,Elise Stefanik,(R),114
New York,22,Richard Hanna,(R),114
New York,23,Thomas Reed,(R),114
New York,24,John Katko,(R),114
New York,25,Louise Slaughter,(D),114
New York,26,Brian Higgins,(D),114
New York,27,Chris Collins,(R),114
North Carolina,1,G. K. Butterfield,(D),114
North Carolina,2,Renee Ellmers,(R),114
North Carolina,3,Walter B. Jones Jr.,(R),114
North Carolina,4,David Price,(D),114
North Carolina,5,Virginia Foxx,(R),114
North Carolina,6,Mark Walker,(R),114
North Carolina,7,David Rouzer,(R),114
North Carolina,8,Richard Hudson,(R),114
North Carolina,9,Robert Pittenger,(R),114
North Carolina,10,Patrick McHenry,(R),114
North Carolina,11,Mark Meadows,(R),114
North Carolina,12,Alma Adams,(D),114
North Carolina,13,George Holding,(R),114
North Dakota,At-large,Kevin Cramer,(R),114
Ohio,1,Steve Chabot,(R),114
Ohio,2,Brad Wenstrup,(R),114
Ohio,3,Joyce Beatty,(D),114
Ohio,4,Jim Jordan,(R),114
Ohio,5,Bob Latta,(R),114
Ohio,6,Bill Johnson,(R),114
Ohio,7,Bob Gibbs,(R),114
Ohio,8,John Boehner,2016,114
Ohio,9,Marcy Kaptur,(D),114
Ohio,10,Mike Turner,(R),114
Ohio,11,Marcia Fudge,(D),114
Ohio,12,Pat Tiberi,(R),114
Ohio,13,Tim Ryan,(D),114
Ohio,14,David Joyce,(R),114
Ohio,15,Steve Stivers,(R),114
Ohio,16,Jim Renacci,(R),114
Oklahoma,1,Jim Bridenstine,(R),114
Oklahoma,2,Markwayne Mullin,(R),114
Oklahoma,3,Frank Lucas,(R),114
Oklahoma,4,Tom Cole,(R),114
Oklahoma,5,Steve Russell,(R),114
Oregon,1,Suzanne Bonamici,(D),114
Oregon,2,Greg Walden,(R),114
Oregon,3,Earl Blumenauer,(D),114
Oregon,4,Peter DeFazio,(D),114
Oregon,5,Kurt Schrader,(D),114
Pennsylvania,1,Bob Brady,(D),114
Pennsylvania,2,Chaka Fattah,2016,114
Pennsylvania,3,Mike Kelly,(R),114
Pennsylvania,4,Scott Perry,(R),114
Pennsylvania,5,Glenn Thompson,(R),114
Pennsylvania,6,Ryan Costello,(R),114
Pennsylvania,7,Pat Meehan,(R),114
Pennsylvania,8,Mike Fitzpatrick,(R),114
Pennsylvania,9,Bill Shuster,(R),114
Pennsylvania,10,Tom Marino,(R),114
Pennsylvania,11,Lou Barletta,(R),114
Pennsylvania,12,Keith Rothfus,(R),114
Pennsylvania,13,Brendan Boyle,(D),114
Pennsylvania,14,Michael Doyle,(D),114
Pennsylvania,15,Charles Dent,(R),114
Pennsylvania,16,Joe Pitts,(R),114
Pennsylvania,17,Matt Cartwright,(D),114
Pennsylvania,18,Tim Murphy,(R),114
Rhode Island,1,David Cicilline,(D),114
Rhode Island,2,James Langevin,(D),114
South Carolina,1,Mark Sanford,(R),114
South Carolina,2,Joe Wilson,(R),114
South Carolina,3,Jeff Duncan,(R),114
South Carolina,4,Trey Gowdy,(R),114
South Carolina,5,Mick Mulvaney,(R),114
South Carolina,6,Jim Clyburn,(D),114
South Carolina,7,Tom Rice,(R),114
South Dakota,At-large,Kristi Noem,(R),114
Tennessee,1,Phil Roe,(R),114
Tennessee,2,Jimmy Duncan,(R),114
Tennessee,3,Chuck Fleischmann,(R),114
Tennessee,4,Scott DesJarlais,(R),114
Tennessee,5,Jim Cooper,(D),114
Tennessee,6,Diane Black,(R),114
Tennessee,7,Marsha Blackburn,(R),114
Tennessee,8,Stephen Fincher,(R),114
Tennessee,9,Steve Cohen,(D),114
Texas,1,Louie Gohmert,(R),114
Texas,2,Ted Poe,(R),114
Texas,3,Sam Johnson,(R),114
Texas,4,John Ratcliffe,(R),114
Texas,5,Jeb Hensarling,(R),114
Texas,6,Joe Barton,(R),114
Texas,7,John Culberson,(R),114
Texas,8,Kevin Brady,(R),114
Texas,9,Al Green,(D),114
Texas,10,Michael McCaul,(R),114
Texas,11,Mike Conaway,(R),114
Texas,12,Kay Granger,(R),114
Texas,13,Mac Thornberry,(R),114
Texas,14,Randy Weber,(R),114
Texas,15,Ruben Hinojosa,(D),114
Texas,16,Beto O'Rourke,(D),114
Texas,17,Bill Flores,(R),114
Texas,18,Sheila Jackson Lee,(D),114
Texas,19,Randy Neugebauer,(R),114
Texas,20,Joaquin Castro,(D),114
Texas,21,Lamar Smith,(R),114
Texas,22,Pete Olson,(R),114
Texas,23,Will Hurd,(R),114
Texas,24,Kenny Marchant,(R),114
Texas,25,Roger Williams,(R),114
Texas,26,Michael Burgess,(R),114
Texas,27,Blake Farenthold,(R),114
Texas,28,Henry Cuellar,(D),114
Texas,29,Gene Green,(D),114
Texas,30,Eddie Bernice Johnson,(D),114
Texas,31,John Carter,(R),114
Texas,32,Pete Sessions,(R),114
Texas,33,Marc Veasey,(D),114
Texas,34,Filemon Vela Jr.,(D),114
Texas,35,Lloyd Doggett,(D),114
Texas,36,Brian Babin,(R),114
Utah,1,Rob Bishop,(R),114
Utah,2,Chris Stewart,(R),114
Utah,3,Jason Chaffetz,(R),114
Utah,4,Mia Love,(R),114
Vermont,At-large,Peter Welch,(D),114
Virginia,1,Rob Wittman,(R),114
Virginia,2,Scott Rigell,(R),114
Virginia,3,Bobby Scott,(D),114
Virginia,4,Randy Forbes,(R),114
Virginia,5,Robert Hurt,(R),114
Virginia,6,Bob Goodlatte,(R),114
Virginia,7,Dave Brat,(R),114
Virginia,8,Don Beyer,(D),114
Virginia,9,Morgan Griffith,(R),114
Virginia,10,Barbara Comstock,(R),114
Virginia,11,Gerry Connolly,(D),114
Washington,1,Suzan DelBene,(D),114
Washington,2,Rick Larsen,(D),114
Washington,3,Jaime Herrera Beutler,(R),114
Washington,4,Dan Newhouse,(R),114
Washington,5,Cathy McMorris Rodgers,(R),114
Washington,6,Derek Kilmer,(D),114
Washington,7,Jim McDermott,(D),114
Washington,8,Dave Reichert,(R),114
Washington,9,Adam Smith,(D),114
Washington,10,Dennis Heck,(D),114
West Virginia,1,David McKinley,(R),114
West Virginia,2,Alex Mooney,(R),114
West Virginia,3,Evan Jenkins,(R),114
Wisconsin,1,Paul Ryan,(R),114
Wisconsin,2,Mark Pocan,(D),114
Wisconsin,3,Ron Kind,(D),114
Wisconsin,4,Gwen Moore,(D),114
Wisconsin,5,Jim Sensenbrenner,(R),114
Wisconsin,6,Glenn Grothman,(R),114
Wisconsin,7,Sean Duffy,(R),114
Wisconsin,8,Reid Ribble,(R),114
Wyoming,At-large,Cynthia Lummis,(R),114
Non-voting members,American Samoa,Amata Coleman Radewagen,(R),114
Non-voting members,District of Columbia,Eleanor Holmes Norton,(D),114
Non-voting members,Guam,Madeleine Bordallo,(D),114
Non-voting members,Northern Mariana Islands,Gregorio Sablan,(I)[l],114
Non-voting members,Puerto Rico,Pedro Pierluisi,(D/PNP)[m],114
Non-voting members,United States Virgin Islands,Stacey Plaskett,(D),114
Arizona,Martha McSally,Mark Kelly,2020)[c],116
Arizona,Mark Kelly,[c],2020)[c],116
Florida,Rick Scott,[42],2019)[42],116
Georgia,Johnny Isakson,[43],2020)[t],116
Georgia,Kelly Loeffler,[t],2020)[t],116
Minnesota,Amy Klobuchar,[u],(DFL)[u],116
Minnesota,Tina Smith,[u],(DFL)[u],116
Vermont,Bernie Sanders,[v],(I)[v],116
Alabama,1,Jerry Carl,(R),118
Alabama,2,Barry Moore,(R),118
Alabama,3,Mike Rogers,(R),118
Alabama,4,Robert Aderholt,(R),118
Alabama,5,Dale Strong,(R),118
Alabama,6,Gary Palmer,(R),118
Alabama,7,Terri Sewell,(D),118
Alaska,At-large,Mary Peltola,(D),118
Arizona,1,David Schweikert,(R),118
Arizona,2,Eli Crane,(R),118
Arizona,3,Ruben Gallego,(D),118
Arizona,4,Greg Stanton,(D),118
Arizona,5,Andy Biggs,(R),118
Arizona,6,Juan Ciscomani,(R),118
Arizona,7,Raúl Grijalva,(D),118
Arizona,8,Debbie Lesko,(R),118
Arizona,9,Paul Gosar,(R),118
Arkansas,1,Rick Crawford,(R),118
Arkansas,2,French Hill,(R),118
Arkansas,3,Steve Womack,(R),118
Arkansas,4,Bruce Westerman,(R),118
California,1,Doug LaMalfa,(R),118
California,2,Jared Huffman,(D),118
California,3,Kevin Kiley,(R),118
California,4,Mike Thompson,(D),118
California,5,Tom McClintock,(R),118
California,6,Ami Bera,(D),118
California,7,Doris Matsui,(D),118
California,8,John Garamendi,(D),118
California,9,Josh Harder,(D),118
California,10,Mark DeSaulnier,(D),118
California,11,Nancy Pelosi,(D),118
California,12,Barbara Lee,(D),118
California,13,John Duarte,(R),118
California,14,Eric Swalwell,(D),118
California,15,Kevin Mullin,(D),118
California,16,Anna Eshoo,(D),118
California,17,Ro Khanna,(D),118
California,18,Zoe Lofgren,(D),118
California,19,Jimmy Panetta,(D),118
California,20,Kevin McCarthy,2024)[n],118
California,Vince Fong,[n],2024)[n],118
California,21,Jim Costa,(D),118
California,22,David Valadao,(R),118
California,23,Jay Obernolte,(R),118
California,24,Salud Carbajal,(D),118
California,25,Raul Ruiz,(D),118
California,26,Julia Brownley,(D),118
California,27,Mike Garcia,(R),118
California,28,Judy Chu,(D),118
California,29,Tony Cárdenas,(D),118
California,30,Adam Schiff,(D),118
California,31,Grace Napolitano,(D),118
California,32,Brad Sherman,(D),118
California,33,Pete Aguilar,(D),118
California,34,Jimmy Gomez,(D),118
California,35,Norma Torres,(D),118
California,36,Ted Lieu,(D),118
California,37,Sydney Kamlager-Dove,(D),118
California,38,Linda Sánchez,(D),118
California,39,Mark Takano,(D),118
California,40,Young Kim,(R),118
California,41,Ken Calvert,(R),118
California,42,Robert Garcia,(D),118
California,43,Maxine Waters,(D),118
California,44,Nanette Barragán,(D),118
California,45,Michelle Steel,(R),118
California,46,Lou Correa,(D),118
California,47,Katie Porter,(D),118
California,48,Darrell Issa,(R),118
California,49,Mike Levin,(D),118
California,50,Scott Peters,(D),118
California,51,Sara Jacobs,(D),118
California,52,Juan Vargas,(D),118
Colorado,1,Diana DeGette,(D),118
Colorado,2,Joe Neguse,(D),118
Colorado,3,Lauren Boebert,(R),118
Colorado,4,Ken Buck,2024)[q],118
Colorado,Greg Lopez,[q],2024)[q],118
Colorado,5,Doug Lamborn,(R),118
Colorado,6,Jason Crow,(D),118
Colorado,7,Brittany Pettersen,(D),118
Colorado,8,Yadira Caraveo,(D),118
Connecticut,1,John B. Larson,(D),118
Connecticut,2,Joe Courtney,(D),118
Connecticut,3,Rosa DeLauro,(D),118
Connecticut,4,Jim Himes,(D),118
Connecticut,5,Jahana Hayes,(D),118
Delaware,At-large,Lisa Blunt Rochester,(D),118
Florida,1,Matt Gaetz,Vacant,118
Florida,2,Neal Dunn,(R),118
Florida,3,Kat Cammack,(R),118
Florida,4,Aaron Bean,(R),118
Florida,5,John Rutherford,(R),118
Florida,6,Michael Waltz,(R),118
Florida,7,Cory Mills,(R),118
Florida,8,Bill Posey,(R),118
Florida,9,Darren Soto,(D),118
Florida,10,Maxwell Frost,(D),118
Florida,11,Daniel Webster,(R),118
Florida,12,Gus Bilirakis,(R),118
Florida,13,Anna Paulina Luna,(R),118
Florida,14,Kathy Castor,(D),118
Florida,15,Laurel Lee,(R),118
Florida,16,Vern Buchanan,(R),118
Florida,17,Greg Steube,(R),118
Florida,18,Scott Franklin,(R),118
Florida,19,Byron Donalds,(R),118
Florida,20,Sheila Cherfilus-McCormick,(D),118
Florida,21,Brian Mast,(R),118
Florida,22,Lois Frankel,(D),118
Florida,23,Jared Moskowitz,(D),118
Florida,24,Frederica Wilson,(D),118
Florida,25,Debbie Wasserman Schultz,(D),118
Florida,26,Mario Díaz-Balart,(R),118
Florida,27,María Elvira Salazar,(R),118
Florida,28,Carlos A. Giménez,(R),118
Georgia,1,Buddy Carter,(R),118
Georgia,2,Sanford Bishop,(D),118
Georgia,3,Drew Ferguson,(R),118
Georgia,4,Hank Johnson,(D),118
Georgia,5,Nikema Williams,(D),118
Georgia,6,Rich McCormick,(R),118
Georgia,7,Lucy McBath,(D),118
Georgia,8,Austin Scott,(R),118
Georgia,9,Andrew Clyde,(R),118
Georgia,10,Mike Collins,(R),118
Georgia,11,Barry Loudermilk,(R),118
Georgia,12,Rick Allen,(R),118
Georgia,13,David Scott,(D),118
Georgia,14,Marjorie Taylor Greene,(R),118
Hawaii,1,Ed Case,(D),118
Hawaii,2,Jill Tokuda,(D),118
Idaho,1,Russ Fulcher,(R),118
Idaho,2,Mike Simpson,(R),118
Illinois,1,Jonathan Jackson,(D),118
Illinois,2,Robin Kelly,(D),118
Illinois,3,Delia Ramirez,(D),118
Illinois,4,Chuy García,(D),118
Illinois,5,Mike Quigley,(D),118
Illinois,6,Sean Casten,(D),118
Illinois,7,Danny Davis,(D),118
Illinois,8,Raja Krishnamoorthi,(D),118
Illinois,9,Jan Schakowsky,(D),118
Illinois,10,Brad Schneider,(D),118
Illinois,11,Bill Foster,(D),118
Illinois,12,Mike Bost,(R),118
Illinois,13,Nikki Budzinski,(D),118
Illinois,14,Lauren Underwood,(D),118
Illinois,15,Mary Miller,(R),118
Illinois,16,Darin LaHood,(R),118
Illinois,17,Eric Sorensen,(D),118
Indiana,1,Frank J. Mrvan,(D),118
Indiana,2,Rudy Yakym,(R),118
Indiana,3,Jim Banks,(R),118
Indiana,4,Jim Baird,(R),118
Indiana,5,Victoria Spartz,(R),118
Indiana,6,Greg Pence,(R),118
Indiana,7,André Carson,(D),118
Indiana,8,Larry Bucshon,(R),118
Indiana,9,Erin Houchin,(R),118
Iowa,1,Mariannette Miller-Meeks,(R),118
Iowa,2,Ashley Hinson,(R),118
Iowa,3,Zach Nunn,(R),118
Iowa,4,Randy Feenstra,(R),118
Kansas,1,Tracey Mann,(R),118
Kansas,2,Jake LaTurner,(R),118
Kansas,3,Sharice Davids,(D),118
Kansas,4,Ron Estes,(R),118
Kentucky,1,James Comer,(R),118
Kentucky,2,Brett Guthrie,(R),118
Kentucky,3,Morgan McGarvey,(D),118
Kentucky,4,Thomas Massie,(R),118
Kentucky,5,Hal Rogers,(R),118
Kentucky,6,Andy Barr,(R),118
Louisiana,1,Steve Scalise,(R),118
Louisiana,2,Troy Carter,(D),118
Louisiana,3,Clay Higgins,(R),118
Louisiana,4,Mike Johnson,(R),118
Louisiana,5,Julia Letlow,(R),118
Louisiana,6,Garret Graves,(R),118
Maine,1,Chellie Pingree,(D),118
Maine,2,Jared Golden,(D),118
Maryland,1,Andy Harris,(R),118
Maryland,2,Dutch Ruppersberger,(D),118
Maryland,3,John Sarbanes,(D),118
Maryland,4,Glenn Ivey,(D),118
Maryland,5,Steny Hoyer,(D),118
Maryland,6,David Trone,(D),118
Maryland,7,Kweisi Mfume,(D),118
Maryland,8,Jamie Raskin,(D),118
Massachusetts,1,Richard Neal,(D),118
Massachusetts,2,Jim McGovern,(D),118
Massachusetts,3,Lori Trahan,(D),118
Massachusetts,4,Jake Auchincloss,(D),118
Massachusetts,5,Katherine Clark,(D),118
Massachusetts,6,Seth Moulton,(D),118
Massachusetts,7,Ayanna Pressley,(D),118
Massachusetts,8,Stephen Lynch,(D),118
Massachusetts,9,Bill Keating,(D),118
Michigan,1,Jack Bergman,(R),118
Michigan,2,John Moolenaar,(R),118
Michigan,3,Hillary Scholten,(D),118
Michigan,4,Bill Huizenga,(R),118
Michigan,5,Tim Walberg,(R),118
Michigan,6,Debbie Dingell,(D),118
Michigan,7,Elissa Slotkin,(D),118
Michigan,8,Dan Kildee,(D),118
Michigan,9,Lisa McClain,(R),118
Michigan,10,John James,(R),118
Michigan,11,Haley Stevens,(D),118
Michigan,12,Rashida Tlaib,(D),118
Michigan,13,Shri Thanedar,(D),118
Minnesota,1,Brad Finstad,(R),118
Minnesota,2,Angie Craig,(DFL)[y],118
Minnesota,3,Dean Phillips,(DFL)[y],118
Minnesota,4,Betty McCollum,(DFL)[y],118
Minnesota,5,Ilhan Omar,(DFL)[y],118
Minnesota,6,Tom Emmer,(R),118
Minnesota,7,Michelle Fischbach,(R),118
Minnesota,8,Pete Stauber,(R),118
Mississippi,1,Trent Kelly,(R),118
Mississippi,2,Bennie Thompson,(D),118
Mississippi,3,Michael Guest,(R),118
Mississippi,4,Mike Ezell,(R),118
Missouri,1,Cori Bush,(D),118
Missouri,2,Ann Wagner,(R),118
Missouri,3,Blaine Luetkemeyer,(R),118
Missouri,4,Mark Alford,(R),118
Missouri,5,Emanuel Cleaver,(D),118
Missouri,6,Sam Graves,(R),118
Missouri,7,Eric Burlison,(R),118
Missouri,8,Jason Smith,(R),118
Montana,1,Ryan Zinke,(R),118
Montana,2,Matt Rosendale,(R),118
Nebraska,1,Mike Flood,(R),118
Nebraska,2,Don Bacon,(R),118
Nebraska,3,Adrian Smith,(R),118
Nevada,1,Dina Titus,(D),118
Nevada,2,Mark Amodei,(R),118
Nevada,3,Susie Lee,(D),118
Nevada,4,Steven Horsford,(D),118
New Hampshire,1,Chris Pappas,(D),118
New Hampshire,2,Annie Kuster,(D),118
New Jersey,1,Donald Norcross,(D),118
New Jersey,2,Jeff Van Drew,(R),118
New Jersey,3,Andy Kim,(D),118
New Jersey,4,Chris Smith,(R),118
New Jersey,5,Josh Gottheimer,(D),118
New Jersey,6,Frank Pallone,(D),118
New Jersey,7,Thomas Kean Jr.,(R),118
New Jersey,8,Rob Menendez,(D),118
New Jersey,9,Bill Pascrell,▌Vacant,118
New Jersey,10,Donald Payne Jr.,2024)[s],118
New Jersey,LaMonica McIver,[s],2024)[s],118
New Jersey,11,Mikie Sherrill,(D),118
New Jersey,12,Bonnie Watson Coleman,(D),118
New Mexico,1,Melanie Stansbury,(D),118
New Mexico,2,Gabe Vasquez,(D),118
New Mexico,3,Teresa Leger Fernandez,(D),118
New York,1,Nick LaLota,(R),118
New York,2,Andrew Garbarino,(R),118
New York,3,George Santos,2024)[m],118
New York,Tom Suozzi,[m],2024)[m],118
New York,4,Anthony D'Esposito,(R),118
New York,5,Gregory Meeks,(D),118
New York,6,Grace Meng,(D),118
New York,7,Nydia Velázquez,(D),118
New York,8,Hakeem Jeffries,(D),118
New York,9,Yvette Clarke,(D),118
New York,10,Dan Goldman,(D),118
New York,11,Nicole Malliotakis,(R),118
New York,12,Jerry Nadler,(D),118
New York,13,Adriano Espaillat,(D),118
New York,14,Alexandria Ocasio-Cortez,(D),118
New York,15,Ritchie Torres,(D),118
New York,16,Jamaal Bowman,(D),118
New York,17,Mike Lawler,(R),118
New York,18,Pat Ryan,(D),118
New York,19,Marc Molinaro,(R),118
New York,20,Paul Tonko,(D),118
New York,21,Elise Stefanik,(R),118
New York,22,Brandon Williams,(R),118
New York,23,Nick Langworthy,(R),118
New York,24,Claudia Tenney,(R),118
New York,25,Joseph Morelle,(D),118
New York,26,Brian Higgins,2024)[p],118
New York,Tim Kennedy,[p],2024)[p],118
North Carolina,1,Don Davis,(D),118
North Carolina,2,Deborah Ross,(D),118
North Carolina,3,Greg Murphy,(R),118
North Carolina,4,Valerie Foushee,(D),118
North Carolina,5,Virginia Foxx,(R),118
North Carolina,6,Kathy Manning,(D),118
North Carolina,7,David Rouzer,(R),118
North Carolina,8,Dan Bishop,(R),118
North Carolina,9,Richard Hudson,(R),118
North Carolina,10,Patrick McHenry,(R),118
North Carolina,11,Chuck Edwards,(R),118
North Carolina,12,Alma Adams,(D),118
North Carolina,13,Wiley Nickel,(D),118
North Carolina,14,Jeff Jackson,(D),118
North Dakota,At-large,Kelly Armstrong,(R),118
Ohio,1,Greg Landsman,(D),118
Ohio,2,Brad Wenstrup,(R),118
Ohio,3,Joyce Beatty,(D),118
Ohio,4,Jim Jordan,(R),118
Ohio,5,Bob Latta,(R),118
Ohio,6,Bill Johnson,2024)[o],118
Ohio,Michael Rulli,[o],2024)[o],118
Ohio,7,Max Miller,(R),118
Ohio,8,Warren Davidson,(R),118
Ohio,9,Marcy Kaptur,(D),118
Ohio,10,Mike Turner,(R),118
Ohio,11,Shontel Brown,(D),118
Ohio,12,Troy Balderson,(R),118
Ohio,13,Emilia Sykes,(D),118
Ohio,14,David Joyce,(R),118
Ohio,15,Mike Carey,(R),118
Oklahoma,1,Kevin Hern,(R),118
Oklahoma,2,Josh Brecheen,(R),118
Oklahoma,3,Frank Lucas,(R),118
Oklahoma,4,Tom Cole,(R),118
Oklahoma,5,Stephanie Bice,(R),118
Oregon,1,Suzanne Bonamici,(D),118
Oregon,2,Cliff Bentz,(R),118
Oregon,3,Earl Blumenauer,(D),118
Oregon,4,Val Hoyle,(D),118
Oregon,5,Lori Chavez-DeRemer,(R),118
Oregon,6,Andrea Salinas,(D),118
Pennsylvania,1,Brian Fitzpatrick,(R),118
Pennsylvania,2,Brendan Boyle,(D),118
Pennsylvania,3,Dwight Evans,(D),118
Pennsylvania,4,Madeleine Dean,(D),118
Pennsylvania,5,Mary Gay Scanlon,(D),118
Pennsylvania,6,Chrissy Houlahan,(D),118
Pennsylvania,7,Susan Wild,(D),118
Pennsylvania,8,Matt Cartwright,(D),118
Pennsylvania,9,Dan Meuser,(R),118
Pennsylvania,10,Scott Perry,(R),118
Pennsylvania,11,Lloyd Smucker,(R),118
Pennsylvania,12,Summer Lee,(D),118
Pennsylvania,13,John Joyce,(R),118
Pennsylvania,14,Guy Reschenthaler,(R),118
Pennsylvania,15,Glenn Thompson,(R),118
Pennsylvania,16,Mike Kelly,(R),118
Pennsylvania,17,Chris Deluzio,(D),118
Rhode Island,1,David Cicilline,2023)[k],118
Rhode Island,Gabe Amo,[k],2023)[k],118
Rhode Island,2,Seth Magaziner,(D),118
South Carolina,1,Nancy Mace,(R),118
South Carolina,2,Joe Wilson,(R),118
South Carolina,3,Jeff Duncan,(R),118
South Carolina,4,William Timmons,(R),118
South Carolina,5,Ralph Norman,(R),118
South Carolina,6,Jim Clyburn,(D),118
South Carolina,7,Russell Fry,(R),118
South Dakota,At-large,Dusty Johnson,(R),118
Tennessee,1,Diana Harshbarger,(R),118
Tennessee,2,Tim Burchett,(R),118
Tennessee,3,Chuck Fleischmann,(R),118
Tennessee,4,Scott DesJarlais,(R),118
Tennessee,5,Andy Ogles,(R),118
Tennessee,6,John Rose,(R),118
Tennessee,7,Mark Green,(R),118
Tennessee,8,David Kustoff,(R),118
Tennessee,9,Steve Cohen,(D),118
Texas,1,Nathaniel Moran,(R),118
Texas,2,Dan Crenshaw,(R),118
Texas,3,Keith Self,(R),118
Texas,4,Pat Fallon,(R),118
Texas,5,Lance Gooden,(R),118
Texas,6,Jake Ellzey,(R),118
Texas,7,Lizzie Fletcher,(D),118
Texas,8,Morgan Luttrell,(R),118
Texas,9,Al Green,(D),118
Texas,10,Michael McCaul,(R),118
Texas,11,August Pfluger,(R),118
Texas,12,Kay Granger,(R),118
Texas,13,Ronny Jackson,(R),118
Texas,14,Randy Weber,(R),118
Texas,15,Monica De La Cruz,(R),118
Texas,16,Veronica Escobar,(D),118
Texas,17,Pete Sessions,(R),118
Texas,18,Sheila Jackson Lee,2024)[t],118
Texas,Erica Lee Carter,[t],2024)[t],118
Texas,19,Jodey Arrington,(R),118
Texas,20,Joaquin Castro,(D),118
Texas,21,Chip Roy,(R),118
Texas,22,Troy Nehls,(R),118
Texas,23,Tony Gonzales,(R),118
Texas,24,Beth Van Duyne,(R),118
Texas,25,Roger Williams,(R),118
Texas,26,Michael C. Burgess,(R),118
Texas,27,Michael Cloud,(R),118
Texas,28,Henry Cuellar,(D),118
Texas,29,Sylvia Garcia,(D),118
Texas,30,Jasmine Crockett,(D),118
Texas,31,John Carter,(R),118
Texas,32,Colin Allred,(D),118
Texas,33,Marc Veasey,(D),118
Texas,34,Vicente Gonzalez,(D),118
Texas,35,Greg Casar,(D),118
Texas,36,Brian Babin,(R),118
Texas,37,Lloyd Doggett,(D),118
Texas,38,Wesley Hunt,(R),118
Utah,1,Blake Moore,(R),118
Utah,2,Chris Stewart,2023)[l],118
Utah,Celeste Maloy,[l],2023)[l],118
Utah,3,John Curtis,(R),118
Utah,4,Burgess Owens,(R),118
Vermont,At-large,Becca Balint,(D),118
Virginia,1,Rob Wittman,(R),118
Virginia,2,Jen Kiggans,(R),118
Virginia,3,Bobby Scott,(D),118
Virginia,4,Jennifer McClellan,2023)[j],118
Virginia,5,Bob Good,(R),118
Virginia,6,Ben Cline,(R),118
Virginia,7,Abigail Spanberger,(D),118
Virginia,8,Don Beyer,(D),118
Virginia,9,Morgan Griffith,(R),118
Virginia,10,Jennifer Wexton,(D),118
Virginia,11,Gerry Connolly,(D),118
Washington,1,Suzan DelBene,(D),118
Washington,2,Rick Larsen,(D),118
Washington,3,Marie Gluesenkamp Perez,(D),118
Washington,4,Dan Newhouse,(R),118
Washington,5,Cathy McMorris Rodgers,(R),118
Washington,6,Derek Kilmer,(D),118
Washington,7,Pramila Jayapal,(D),118
Washington,8,Kim Schrier,(D),118
Washington,9,Adam Smith,(D),118
Washington,10,Marilyn Strickland,(D),118
West Virginia,1,Carol Miller,(R),118
West Virginia,2,Alex Mooney,(R),118
Wisconsin,1,Bryan Steil,(R),118
Wisconsin,2,Mark Pocan,(D),118
Wisconsin,3,Derrick Van Orden,(R),118
Wisconsin,4,Gwen Moore,(D),118
Wisconsin,5,Scott Fitzgerald,(R),118
Wisconsin,6,Glenn Grothman,(R),118
Wisconsin,7,Tom Tiffany,(R),118
Wisconsin,8,Mike Gallagher,2024)[r],118
Wisconsin,Tony Wied,[r],2024)[r],118
Wyoming,At-large,Harriet Hageman,(R),118
Non-voting members,American Samoa,Amata Coleman Radewagen,(R),118
Non-voting members,District of Columbia,Eleanor Holmes Norton,(D),118
Non-voting members,Guam,James Moylan,(R)[67],118
Non-voting members,Northern Mariana Islands,Gregorio Sablan,(D),118
Non-voting members,Puerto Rico,Jenniffer González-Colón,(PNP/R)[z],118
Non-voting members,United States Virgin Islands,Stacey Plaskett,(D),118
